timestamp,open,high,low,close,volume
2024-04-25 09:15:00,3050.0,3053.0,3033.2,3035.0,65936
2024-04-25 09:30:00,3035.8,3039.95,3025.65,3039.45,59655
2024-04-25 09:45:00,3039.85,3042.95,3035.0,3039.55,42336
2024-04-25 10:00:00,3038.15,3045.6,3035.0,3044.15,58210
2024-04-25 10:15:00,3044.45,3049.35,3042.3,3046.9,37444
2024-04-25 10:30:00,3048.65,3055.0,3045.9,3050.0,41422
2024-04-25 10:45:00,3050.0,3050.0,3031.0,3036.5,47883
2024-04-25 11:00:00,3036.1,3049.0,3034.5,3049.0,30443
2024-04-25 11:15:00,3049.0,3049.0,3039.05,3043.75,17597
2024-04-25 11:30:00,3045.05,3046.4,3042.0,3045.95,7683
2024-04-25 11:45:00,3045.95,3046.0,3042.05,3044.0,7142
2024-04-25 12:00:00,3042.75,3044.5,3036.15,3037.0,9875
2024-04-25 12:15:00,3037.0,3038.55,3031.1,3036.75,21734
2024-04-25 12:30:00,3037.0,3042.0,3034.5,3038.05,12007
2024-04-25 12:45:00,3038.05,3046.95,3035.7,3046.2,16774
2024-04-25 13:00:00,3046.0,3053.65,3043.55,3045.45,37819
2024-04-25 13:15:00,3046.55,3060.0,3045.1,3052.8,34459
2024-04-25 13:30:00,3053.35,3056.0,3048.0,3050.75,18954
2024-04-25 13:45:00,3050.75,3062.5,3050.55,3057.95,25184
2024-04-25 14:00:00,3057.95,3080.9,3057.75,3077.0,50972
2024-04-25 14:15:00,3077.0,3086.25,3074.65,3083.8,46672
2024-04-25 14:30:00,3083.7,3115.0,3035.1,3115.0,244291
2024-04-25 14:45:00,3115.0,3120.9,3102.1,3112.5,184953
2024-04-25 15:00:00,3113.55,3119.8,3107.55,3116.95,215580
2024-04-25 15:15:00,3116.95,3120.0,3111.0,3115.0,179837
2024-04-26 09:15:00,3119.9,3129.9,3106.05,3111.0,75398
2024-04-26 09:30:00,3111.25,3120.0,3108.5,3110.0,34635
2024-04-26 09:45:00,3110.0,3112.0,3095.5,3098.0,43567
2024-04-26 10:00:00,3098.85,3100.9,3090.0,3091.1,26459
2024-04-26 10:15:00,3090.0,3091.95,3075.95,3085.55,41378
2024-04-26 10:30:00,3084.35,3094.6,3082.5,3093.0,19796
2024-04-26 10:45:00,3093.0,3104.7,3093.0,3102.15,32089
2024-04-26 11:00:00,3101.8,3103.95,3093.3,3094.35,20048
2024-04-26 11:15:00,3094.35,3098.75,3092.05,3092.2,10914
2024-04-26 11:30:00,3092.4,3097.0,3088.05,3093.1,30925
2024-04-26 11:45:00,3093.1,3094.6,3089.05,3091.1,7833
2024-04-26 12:00:00,3091.1,3094.85,3089.0,3090.1,7865
2024-04-26 12:15:00,3090.8,3093.0,3086.0,3089.4,15182
2024-04-26 12:30:00,3088.5,3092.4,3080.4,3081.0,15101
2024-04-26 12:45:00,3080.4,3085.25,3076.0,3079.2,23807
2024-04-26 13:00:00,3079.0,3083.9,3076.6,3080.05,16702
2024-04-26 13:15:00,3079.0,3081.45,3071.05,3072.1,24482
2024-04-26 13:30:00,3072.0,3077.9,3066.05,3077.9,20946
2024-04-26 13:45:00,3077.9,3079.0,3070.8,3076.8,14026
2024-04-26 14:00:00,3076.8,3078.85,3074.1,3076.0,10759
2024-04-26 14:15:00,3076.0,3079.55,3071.2,3071.85,14664
2024-04-26 14:30:00,3071.85,3074.0,3069.0,3070.25,18972
2024-04-26 14:45:00,3070.3,3077.0,3069.6,3075.0,31594
2024-04-26 15:00:00,3074.25,3080.0,3072.0,3077.0,43812
2024-04-26 15:15:00,3078.1,3090.0,3077.0,3089.0,61428
2024-04-29 09:15:00,3110.0,3110.5,3074.35,3083.9,100718
2024-04-29 09:30:00,3082.7,3089.95,3070.55,3070.9,54609
2024-04-29 09:45:00,3070.55,3077.0,3063.1,3068.65,45811
2024-04-29 10:00:00,3067.05,3071.5,3051.5,3058.4,62621
2024-04-29 10:15:00,3058.4,3066.0,3056.0,3066.0,19364
2024-04-29 10:30:00,3065.2,3078.9,3065.2,3075.85,16697
2024-04-29 10:45:00,3075.85,3082.0,3074.6,3077.0,17301
2024-04-29 11:00:00,3078.0,3081.0,3075.6,3079.8,11315
2024-04-29 11:15:00,3079.0,3083.15,3077.5,3082.05,17712
2024-04-29 11:30:00,3081.5,3084.75,3074.0,3078.8,18647
2024-04-29 11:45:00,3078.8,3078.8,3073.05,3077.3,5600
2024-04-29 12:00:00,3077.3,3082.3,3076.0,3080.5,8200
2024-04-29 12:15:00,3080.0,3081.9,3077.4,3080.15,9338
2024-04-29 12:30:00,3080.7,3083.95,3078.0,3082.95,11833
2024-04-29 12:45:00,3083.0,3084.5,3077.75,3081.95,20465
2024-04-29 13:00:00,3081.35,3092.95,3079.0,3084.0,34092
2024-04-29 13:15:00,3084.95,3086.0,3080.95,3083.0,10339
2024-04-29 13:30:00,3083.0,3084.95,3079.0,3080.9,12048
2024-04-29 13:45:00,3080.9,3084.0,3080.0,3084.0,7661
2024-04-29 14:00:00,3083.5,3083.6,3075.0,3075.15,13147
2024-04-29 14:15:00,3075.0,3085.0,3075.0,3081.85,20721
2024-04-29 14:30:00,3082.0,3082.55,3075.0,3078.35,16311
2024-04-29 14:45:00,3078.35,3078.95,3072.25,3072.25,18947
2024-04-29 15:00:00,3072.3,3083.4,3071.0,3082.2,42302
2024-04-29 15:15:00,3082.3,3088.6,3080.0,3080.0,51969
2024-04-30 09:15:00,3094.0,3095.0,3062.25,3072.5,107757
2024-04-30 09:30:00,3071.2,3108.45,3068.0,3095.0,103015
2024-04-30 09:45:00,3095.4,3098.9,3085.2,3094.95,41005
2024-04-30 10:00:00,3095.0,3096.75,3082.35,3085.9,25151
2024-04-30 10:15:00,3085.7,3088.0,3082.2,3084.8,13540
2024-04-30 10:30:00,3085.3,3085.95,3081.25,3085.0,7792
2024-04-30 10:45:00,3085.65,3085.65,3075.15,3081.4,23305
2024-04-30 11:00:00,3081.0,3081.0,3074.25,3076.1,10976
2024-04-30 11:15:00,3076.95,3089.0,3075.95,3086.25,13983
2024-04-30 11:30:00,3086.3,3086.3,3076.75,3082.5,12935
2024-04-30 11:45:00,3082.5,3083.0,3079.0,3080.8,4121
2024-04-30 12:00:00,3080.8,3082.9,3075.0,3077.95,11485
2024-04-30 12:15:00,3077.9,3083.55,3075.95,3082.95,4705
2024-04-30 12:30:00,3083.35,3088.6,3081.0,3088.0,12537
2024-04-30 12:45:00,3088.15,3092.4,3081.3,3083.5,12615
2024-04-30 13:00:00,3083.75,3084.2,3073.0,3077.4,20513
2024-04-30 13:15:00,3077.7,3083.0,3073.2,3081.55,10401
2024-04-30 13:30:00,3082.75,3082.95,3078.0,3080.6,8224
2024-04-30 13:45:00,3080.6,3081.0,3076.5,3079.85,7758
2024-04-30 14:00:00,3079.4,3080.2,3071.0,3073.8,24043
2024-04-30 14:15:00,3074.9,3078.45,3069.0,3075.9,22163
2024-04-30 14:30:00,3075.9,3082.25,3075.0,3075.1,26413
2024-04-30 14:45:00,3075.05,3076.6,3066.45,3072.0,48674
2024-04-30 15:00:00,3072.5,3072.9,3052.0,3052.4,112452
2024-04-30 15:15:00,3052.05,3053.95,3045.0,3052.5,118456
2024-05-02 09:15:00,3071.95,3092.0,3061.0,3067.45,164237
2024-05-02 09:30:00,3068.05,3081.35,3062.0,3080.85,73753
2024-05-02 09:45:00,3080.85,3088.55,3068.5,3072.25,64472
2024-05-02 10:00:00,3073.4,3081.95,3068.0,3081.0,41211
2024-05-02 10:15:00,3081.0,3081.95,3073.15,3080.3,25345
2024-05-02 10:30:00,3080.3,3088.0,3075.55,3087.95,33540
2024-05-02 10:45:00,3087.95,3097.75,3083.6,3091.95,74453
2024-05-02 11:00:00,3091.9,3095.0,3085.0,3087.0,31458
2024-05-02 11:15:00,3086.0,3094.9,3080.9,3093.75,25227
2024-05-02 11:30:00,3093.75,3108.05,3091.35,3102.95,72010
2024-05-02 11:45:00,3102.95,3103.25,3097.35,3101.95,19851
2024-05-02 12:00:00,3102.0,3107.0,3094.75,3099.0,27282
2024-05-02 12:15:00,3099.45,3104.85,3096.15,3104.85,17543
2024-05-02 12:30:00,3104.65,3106.9,3101.05,3104.65,11277
2024-05-02 12:45:00,3105.3,3105.85,3100.05,3103.0,12668
2024-05-02 13:00:00,3102.45,3104.8,3097.0,3103.7,19256
2024-05-02 13:15:00,3104.3,3119.85,3098.55,3110.95,74195
2024-05-02 13:30:00,3111.15,3112.0,3100.35,3106.8,21144
2024-05-02 13:45:00,3106.7,3107.75,3101.0,3105.8,14413
2024-05-02 14:00:00,3107.7,3114.5,3105.75,3110.0,35241
2024-05-02 14:15:00,3110.0,3113.9,3099.05,3104.85,39688
2024-05-02 14:30:00,3106.0,3107.8,3095.75,3100.7,36692
2024-05-02 14:45:00,3100.7,3105.95,3015.05,3063.4,686277
2024-05-02 15:00:00,3059.85,3067.5,3024.75,3027.55,376726
2024-05-02 15:15:00,3026.75,3040.75,3022.1,3029.0,220120
2024-05-03 09:15:00,3030.0,3045.0,3005.25,3021.65,268386
2024-05-03 09:30:00,3021.75,3034.65,3012.0,3031.9,72363
2024-05-03 09:45:00,3032.0,3040.4,3028.0,3039.9,51432
2024-05-03 10:00:00,3039.5,3039.95,3022.2,3024.9,36850
2024-05-03 10:15:00,3024.9,3030.0,3021.0,3023.3,22508
2024-05-03 10:30:00,3023.3,3025.25,3003.0,3008.4,80953
2024-05-03 10:45:00,3007.5,3015.2,3001.0,3015.0,49230
2024-05-03 11:00:00,3015.4,3018.85,3012.0,3013.8,17627
2024-05-03 11:15:00,3013.8,3013.8,2995.0,2996.45,108265
2024-05-03 11:30:00,2996.4,3004.45,2990.0,3001.0,65901
2024-05-03 11:45:00,3001.0,3006.9,2991.7,3005.95,62238
2024-05-03 12:00:00,3007.0,3009.0,3000.0,3005.2,28022
2024-05-03 12:15:00,3005.2,3024.9,3002.6,3023.85,46823
2024-05-03 12:30:00,3022.5,3024.35,3015.0,3020.05,25153
2024-05-03 12:45:00,3021.0,3021.0,3001.0,3001.25,56473
2024-05-03 13:00:00,3002.0,3012.5,2998.0,3012.25,33097
2024-05-03 13:15:00,3011.35,3012.0,3006.35,3012.0,13406
2024-05-03 13:30:00,3012.0,3012.0,2991.0,2991.25,51351
2024-05-03 13:45:00,2991.25,2996.35,2975.1,2993.5,110954
2024-05-03 14:00:00,2993.95,2996.0,2986.55,2989.55,37238
2024-05-03 14:15:00,2989.2,2993.1,2985.0,2991.9,25479
2024-05-03 14:30:00,2991.9,3001.8,2991.5,2998.55,27379
2024-05-03 14:45:00,2998.5,3000.0,2988.85,2991.25,35337
2024-05-03 15:00:00,2991.55,2996.95,2987.45,2996.9,46335
2024-05-03 15:15:00,2995.65,3002.05,2985.6,2990.0,98387
2024-05-06 09:15:00,2993.25,3000.2,2932.5,2952.9,199724
2024-05-06 09:30:00,2953.1,2959.6,2852.5,2899.0,365483
2024-05-06 09:45:00,2897.0,2912.0,2860.4,2869.45,199240
2024-05-06 10:00:00,2870.95,2873.5,2850.0,2861.15,166075
2024-05-06 10:15:00,2862.0,2897.65,2856.45,2895.95,137879
2024-05-06 10:30:00,2895.95,2909.5,2880.0,2907.4,122901
2024-05-06 10:45:00,2907.4,2924.35,2905.4,2918.15,79615
2024-05-06 11:00:00,2919.15,2928.65,2917.3,2920.5,42994
2024-05-06 11:15:00,2920.0,2920.4,2887.65,2904.0,80459
2024-05-06 11:30:00,2903.6,2904.85,2881.5,2886.95,44636
2024-05-06 11:45:00,2887.0,2897.0,2879.75,2884.5,52239
2024-05-06 12:00:00,2885.0,2897.0,2884.0,2894.0,20160
2024-05-06 12:15:00,2894.75,2895.0,2882.6,2885.6,43266
2024-05-06 12:30:00,2885.6,2888.7,2879.45,2881.95,46831
2024-05-06 12:45:00,2882.1,2883.8,2871.0,2877.75,52074
2024-05-06 13:00:00,2877.7,2879.0,2865.0,2865.6,55074
2024-05-06 13:15:00,2865.6,2869.85,2857.7,2860.8,96651
2024-05-06 13:30:00,2861.25,2874.15,2858.25,2873.0,55412
2024-05-06 13:45:00,2873.0,2886.6,2872.9,2882.9,41818
2024-05-06 14:00:00,2882.1,2885.0,2876.05,2882.2,37120
2024-05-06 14:15:00,2882.2,2885.5,2878.0,2879.25,28111
2024-05-06 14:30:00,2880.0,2880.8,2871.55,2874.55,58605
2024-05-06 14:45:00,2875.5,2881.3,2871.4,2873.9,73524
2024-05-06 15:00:00,2873.9,2877.5,2863.7,2877.05,121890
2024-05-06 15:15:00,2877.05,2880.0,2871.0,2872.0,155312
2024-05-07 09:15:00,2889.95,2903.0,2866.65,2895.05,164940
2024-05-07 09:30:00,2895.35,2905.35,2884.0,2888.6,75351
2024-05-07 09:45:00,2888.1,2902.0,2885.4,2890.85,41827
2024-05-07 10:00:00,2890.05,2890.85,2877.6,2886.35,41341
2024-05-07 10:15:00,2886.35,2886.35,2867.0,2870.0,39802
2024-05-07 10:30:00,2871.3,2875.3,2855.0,2858.65,57811
2024-05-07 10:45:00,2857.5,2869.35,2842.0,2868.2,78612
2024-05-07 11:00:00,2868.2,2869.0,2855.0,2856.2,44759
2024-05-07 11:15:00,2856.2,2856.2,2826.0,2834.3,98006
2024-05-07 11:30:00,2834.4,2843.7,2822.0,2838.0,73136
2024-05-07 11:45:00,2838.0,2858.0,2836.0,2846.0,45632
2024-05-07 12:00:00,2846.7,2848.0,2838.0,2844.3,26773
2024-05-07 12:15:00,2844.9,2863.65,2842.75,2861.35,25531
2024-05-07 12:30:00,2861.35,2861.55,2840.0,2841.95,23823
2024-05-07 12:45:00,2840.5,2848.0,2835.0,2840.3,16604
2024-05-07 13:00:00,2840.3,2845.0,2833.7,2835.0,19771
2024-05-07 13:15:00,2833.65,2857.0,2833.65,2857.0,24698
2024-05-07 13:30:00,2857.0,2871.3,2854.5,2871.3,42881
2024-05-07 13:45:00,2871.95,2871.95,2858.0,2861.55,29499
2024-05-07 14:00:00,2861.55,2869.0,2859.5,2864.0,19033
2024-05-07 14:15:00,2863.05,2864.0,2842.0,2842.6,30472
2024-05-07 14:30:00,2842.95,2854.0,2842.0,2844.3,37620
2024-05-07 14:45:00,2845.0,2852.0,2842.2,2843.0,30239
2024-05-07 15:00:00,2843.4,2847.35,2831.0,2836.6,67341
2024-05-07 15:15:00,2836.6,2840.0,2831.0,2839.0,106316
2024-05-08 09:15:00,2850.0,2857.95,2820.0,2841.35,131826
2024-05-08 09:30:00,2841.35,2870.95,2839.75,2859.75,57349
2024-05-08 09:45:00,2859.6,2875.0,2857.15,2875.0,45543
2024-05-08 10:00:00,2876.0,2890.9,2867.15,2888.65,96748
2024-05-08 10:15:00,2888.85,2890.0,2851.3,2854.0,55303
2024-05-08 10:30:00,2854.0,2859.0,2847.0,2850.65,35480
2024-05-08 10:45:00,2848.8,2855.0,2848.8,2851.9,28225
2024-05-08 11:00:00,2852.45,2855.0,2849.0,2853.85,14883
2024-05-08 11:15:00,2854.1,2865.0,2853.05,2864.0,42490
2024-05-08 11:30:00,2864.0,2866.95,2861.0,2862.85,22890
2024-05-08 11:45:00,2862.85,2870.5,2861.25,2867.55,28821
2024-05-08 12:00:00,2867.45,2871.0,2865.0,2870.7,23390
2024-05-08 12:15:00,2870.75,2881.55,2869.4,2872.1,46424
2024-05-08 12:30:00,2872.15,2877.0,2870.75,2876.1,15762
2024-05-08 12:45:00,2876.0,2882.0,2872.4,2873.7,23524
2024-05-08 13:00:00,2873.75,2875.0,2866.05,2869.4,11455
2024-05-08 13:15:00,2869.4,2875.0,2869.0,2872.4,4708
2024-05-08 13:30:00,2871.75,2873.0,2864.0,2867.6,12557
2024-05-08 13:45:00,2867.8,2868.9,2857.0,2867.5,18625
2024-05-08 14:00:00,2867.2,2870.25,2846.0,2846.0,37600
2024-05-08 14:15:00,2844.05,2854.6,2835.1,2849.5,39782
2024-05-08 14:30:00,2849.5,2854.35,2845.75,2851.1,14562
2024-05-08 14:45:00,2850.95,2853.25,2845.3,2853.1,15642
2024-05-08 15:00:00,2853.35,2868.0,2853.25,2859.4,67921
2024-05-08 15:15:00,2859.0,2865.0,2855.45,2862.0,59305
2024-05-09 09:15:00,2864.8,2883.65,2855.0,2858.15,106870
2024-05-09 09:30:00,2858.2,2873.1,2856.0,2865.2,48657
2024-05-09 09:45:00,2864.6,2869.35,2848.65,2852.2,52094
2024-05-09 10:00:00,2852.25,2865.95,2851.1,2855.55,32893
2024-05-09 10:15:00,2855.4,2860.0,2844.05,2854.45,39685
2024-05-09 10:30:00,2855.0,2860.0,2842.05,2843.85,29621
2024-05-09 10:45:00,2843.6,2850.0,2836.55,2848.65,36318
2024-05-09 11:00:00,2848.75,2849.0,2837.7,2840.0,17874
2024-05-09 11:15:00,2839.15,2844.0,2830.35,2844.0,27591
2024-05-09 11:30:00,2843.9,2848.0,2830.0,2844.3,36114
2024-05-09 11:45:00,2844.3,2851.8,2835.1,2844.9,51628
2024-05-09 12:00:00,2845.0,2845.0,2837.25,2844.0,32504
2024-05-09 12:15:00,2844.0,2850.0,2843.5,2847.7,38865
2024-05-09 12:30:00,2848.45,2848.7,2836.05,2837.0,41784
2024-05-09 12:45:00,2836.65,2839.3,2800.0,2807.2,128525
2024-05-09 13:00:00,2808.0,2818.7,2803.0,2816.2,41152
2024-05-09 13:15:00,2815.25,2817.75,2803.85,2805.2,30293
2024-05-09 13:30:00,2806.45,2817.9,2795.85,2816.55,82010
2024-05-09 13:45:00,2817.95,2818.7,2797.15,2804.5,41292
2024-05-09 14:00:00,2804.5,2809.45,2793.25,2801.15,58935
2024-05-09 14:15:00,2801.75,2805.0,2797.05,2799.25,31293
2024-05-09 14:30:00,2799.25,2799.7,2772.8,2776.05,100239
2024-05-09 14:45:00,2776.0,2791.45,2772.5,2783.45,70548
2024-05-09 15:00:00,2783.45,2783.45,2758.45,2761.35,162387
2024-05-09 15:15:00,2760.95,2766.0,2756.0,2765.0,145768
2024-05-10 09:15:00,2794.95,2803.0,2771.05,2798.0,138663
2024-05-10 09:30:00,2797.55,2802.0,2760.45,2795.45,78051
2024-05-10 09:45:00,2795.8,2798.85,2782.15,2790.55,44615
2024-05-10 10:00:00,2789.55,2798.95,2785.55,2796.9,26633
2024-05-10 10:15:00,2796.9,2808.9,2790.0,2791.25,54223
2024-05-10 10:30:00,2790.5,2803.1,2790.0,2796.55,30421
2024-05-10 10:45:00,2798.15,2800.0,2786.45,2788.25,31832
2024-05-10 11:00:00,2788.25,2802.0,2786.0,2796.45,85201
2024-05-10 11:15:00,2796.3,2809.0,2792.85,2808.5,119504
2024-05-10 11:30:00,2808.45,2809.0,2797.0,2798.0,111162
2024-05-10 11:45:00,2797.65,2799.9,2788.0,2793.0,96238
2024-05-10 12:00:00,2793.0,2802.0,2791.85,2795.35,92695
2024-05-10 12:15:00,2795.35,2798.65,2782.05,2787.3,89418
2024-05-10 12:30:00,2788.75,2791.0,2785.3,2787.85,117474
2024-05-10 12:45:00,2786.25,2790.0,2783.5,2787.05,93439
2024-05-10 13:00:00,2787.65,2790.0,2780.05,2784.15,97785
2024-05-10 13:15:00,2785.0,2789.0,2780.35,2788.2,105871
2024-05-10 13:30:00,2788.2,2789.95,2783.25,2784.8,149032
2024-05-10 13:45:00,2785.0,2790.95,2784.5,2790.0,120315
2024-05-10 14:00:00,2790.0,2790.0,2784.0,2787.2,120643
2024-05-10 14:15:00,2786.45,2789.0,2784.15,2787.65,120214
2024-05-10 14:30:00,2787.55,2792.0,2785.1,2790.0,111110
2024-05-10 14:45:00,2790.0,2792.15,2786.4,2791.95,105065
2024-05-10 15:00:00,2792.0,2802.0,2791.5,2799.5,151053
2024-05-10 15:15:00,2799.9,2806.0,2795.4,2803.9,63459
2024-05-13 09:15:00,2803.0,2816.05,2790.5,2810.45,132569
2024-05-13 09:30:00,2812.65,2817.6,2793.45,2801.65,78955
2024-05-13 09:45:00,2800.8,2814.05,2796.1,2806.5,48829
2024-05-13 10:00:00,2806.75,2819.5,2797.9,2815.05,96325
2024-05-13 10:15:00,2815.45,2815.45,2799.0,2809.7,53431
2024-05-13 10:30:00,2810.95,2815.0,2806.3,2809.35,129995
2024-05-13 10:45:00,2809.5,2828.85,2804.45,2814.2,193827
2024-05-13 11:00:00,2815.15,2824.2,2806.65,2808.3,204217
2024-05-13 11:15:00,2808.3,2820.0,2808.0,2812.0,176431
2024-05-13 11:30:00,2812.0,2828.0,2811.0,2824.4,213003
2024-05-13 11:45:00,2824.4,2829.95,2820.0,2825.45,133365
2024-05-13 12:00:00,2825.45,2830.95,2817.4,2820.75,152194
2024-05-13 12:15:00,2820.75,2829.0,2818.2,2828.7,129031
2024-05-13 12:30:00,2828.6,2835.0,2824.85,2832.95,166320
2024-05-13 12:45:00,2832.95,2849.0,2827.1,2846.7,147470
2024-05-13 13:00:00,2846.0,2857.0,2845.1,2851.0,146852
2024-05-13 13:15:00,2850.35,2851.0,2836.3,2842.6,164244
2024-05-13 13:30:00,2842.35,2851.95,2837.0,2849.55,146343
2024-05-13 13:45:00,2849.55,2858.0,2849.25,2855.0,188464
2024-05-13 14:00:00,2854.1,2862.0,2851.25,2862.0,147157
2024-05-13 14:15:00,2860.3,2865.0,2859.0,2862.9,162522
2024-05-13 14:30:00,2862.6,2880.0,2862.6,2876.95,229261
2024-05-13 14:45:00,2878.95,2884.35,2871.1,2879.15,179260
2024-05-13 15:00:00,2878.9,2882.0,2869.8,2879.95,198804
2024-05-13 15:15:00,2879.8,2890.0,2879.0,2885.45,165122
2024-05-14 09:15:00,2894.95,2910.0,2887.0,2889.2,103392
2024-05-14 09:30:00,2889.2,2900.95,2884.05,2899.5,47042
2024-05-14 09:45:00,2898.15,2899.65,2874.55,2883.5,58817
2024-05-14 10:00:00,2884.3,2898.95,2879.05,2893.9,156258
2024-05-14 10:15:00,2893.9,2930.0,2893.9,2922.75,337462
2024-05-14 10:30:00,2924.0,2938.0,2916.35,2928.85,278398
2024-05-14 10:45:00,2929.55,2947.9,2928.0,2946.7,225348
2024-05-14 11:00:00,2946.25,2960.0,2943.05,2953.85,216930
2024-05-14 11:15:00,2953.85,2964.1,2952.35,2960.0,254761
2024-05-14 11:30:00,2960.75,3017.95,2960.75,3012.8,479516
2024-05-14 11:45:00,3014.7,3042.95,3011.25,3022.6,500559
2024-05-14 12:00:00,3023.5,3035.95,3015.65,3018.35,297426
2024-05-14 12:15:00,3018.4,3029.0,3007.1,3026.55,237548
2024-05-14 12:30:00,3026.5,3029.45,3017.05,3022.05,194032
2024-05-14 12:45:00,3022.05,3041.0,3018.75,3028.6,267256
2024-05-14 13:00:00,3029.45,3035.6,3022.85,3027.7,168866
2024-05-14 13:15:00,3027.7,3038.45,3022.05,3027.1,164738
2024-05-14 13:30:00,3027.45,3038.0,3026.95,3036.35,176760
2024-05-14 13:45:00,3036.4,3038.0,3028.1,3030.0,204029
2024-05-14 14:00:00,3029.65,3037.0,3021.45,3021.45,206105
2024-05-14 14:15:00,3021.2,3030.0,3015.15,3027.45,176807
2024-05-14 14:30:00,3027.45,3030.0,3021.0,3025.0,194896
2024-05-14 14:45:00,3025.0,3036.8,3023.75,3034.75,233122
2024-05-14 15:00:00,3034.6,3046.0,3026.0,3040.7,331617
2024-05-14 15:15:00,3041.85,3042.85,3033.0,3035.0,213568
2024-05-15 09:15:00,3046.75,3075.35,3037.6,3063.7,205403
2024-05-15 09:30:00,3065.0,3112.85,3063.75,3112.0,213763
2024-05-15 09:45:00,3111.2,3118.85,3104.0,3113.95,139763
2024-05-15 10:00:00,3113.9,3116.0,3072.9,3090.05,182260
2024-05-15 10:15:00,3090.05,3091.75,3073.25,3075.35,71500
2024-05-15 10:30:00,3075.35,3079.05,3065.35,3074.6,95679
2024-05-15 10:45:00,3075.0,3085.0,3068.85,3081.55,58819
2024-05-15 11:00:00,3081.55,3090.95,3079.7,3084.0,63467
2024-05-15 11:15:00,3084.0,3085.95,3071.05,3071.05,27340
2024-05-15 11:30:00,3071.05,3075.0,3068.1,3072.0,32528
2024-05-15 11:45:00,3072.0,3074.7,3060.45,3071.55,29828
2024-05-15 12:00:00,3072.5,3072.5,3063.0,3063.3,20899
2024-05-15 12:15:00,3063.35,3065.0,3051.3,3061.0,52158
2024-05-15 12:30:00,3062.0,3064.0,3057.25,3059.0,18668
2024-05-15 12:45:00,3059.75,3060.0,3051.1,3056.9,28218
2024-05-15 13:00:00,3056.9,3069.0,3055.1,3063.15,32638
2024-05-15 13:15:00,3063.05,3070.0,3062.05,3065.55,22877
2024-05-15 13:30:00,3065.9,3065.9,3056.9,3059.7,38755
2024-05-15 13:45:00,3059.7,3059.7,3047.0,3055.4,38038
2024-05-15 14:00:00,3055.35,3058.9,3052.05,3053.95,19096
2024-05-15 14:15:00,3055.5,3055.5,3045.55,3047.95,26224
2024-05-15 14:30:00,3047.05,3060.0,3047.05,3057.9,37399
2024-05-15 14:45:00,3058.0,3065.0,3056.5,3059.65,65578
2024-05-15 15:00:00,3059.5,3063.6,3045.0,3050.95,71643
2024-05-15 15:15:00,3050.95,3053.3,3044.85,3048.0,94859
2024-05-16 09:15:00,3065.0,3076.95,3052.0,3064.1,127734
2024-05-16 09:30:00,3065.0,3067.4,3028.3,3028.75,87771
2024-05-16 09:45:00,3028.75,3034.45,3013.0,3015.5,89993
2024-05-16 10:00:00,3015.05,3028.95,3003.4,3014.05,94579
2024-05-16 10:15:00,3014.05,3016.2,2997.3,3011.05,86903
2024-05-16 10:30:00,3011.05,3038.0,3008.0,3035.0,63226
2024-05-16 10:45:00,3033.85,3034.3,3002.85,3017.95,114357
2024-05-16 11:00:00,3018.05,3030.5,3014.05,3014.1,51998
2024-05-16 11:15:00,3013.85,3018.05,3002.8,3012.55,82246
2024-05-16 11:30:00,3013.05,3033.65,3010.75,3032.8,47083
2024-05-16 11:45:00,3033.25,3033.25,3013.55,3018.1,28186
2024-05-16 12:00:00,3018.55,3039.7,3018.1,3039.7,54309
2024-05-16 12:15:00,3039.7,3042.0,3021.0,3021.55,35849
2024-05-16 12:30:00,3021.0,3026.95,3016.15,3024.15,30779
2024-05-16 12:45:00,3024.15,3029.75,3014.5,3017.05,20555
2024-05-16 13:00:00,3016.8,3018.35,3009.85,3013.65,27479
2024-05-16 13:15:00,3013.5,3013.65,2993.1,2994.3,81543
2024-05-16 13:30:00,2994.3,2999.55,2977.0,2980.25,61254
2024-05-16 13:45:00,2981.05,2992.7,2974.95,2990.65,52354
2024-05-16 14:00:00,2990.65,2992.7,2978.35,2981.0,42168
2024-05-16 14:15:00,2981.0,3001.95,2978.9,3001.95,60591
2024-05-16 14:30:00,3003.7,3015.0,3001.05,3011.8,112211
2024-05-16 14:45:00,3011.8,3040.0,3010.9,3039.65,147926
2024-05-16 15:00:00,3039.65,3048.85,3034.0,3042.55,145410
2024-05-16 15:15:00,3041.8,3044.95,3032.0,3034.05,88310
2024-05-17 09:15:00,3041.05,3046.3,3015.6,3033.3,66600
2024-05-17 09:30:00,3033.35,3035.85,3020.3,3026.2,30660
2024-05-17 09:45:00,3026.2,3035.0,3015.5,3028.1,45463
2024-05-17 10:00:00,3028.5,3058.9,3024.05,3058.9,85793
2024-05-17 10:15:00,3057.6,3091.0,3055.0,3055.05,124899
2024-05-17 10:30:00,3055.05,3065.9,3054.25,3057.4,27854
2024-05-17 10:45:00,3056.45,3058.45,3051.0,3055.45,15521
2024-05-17 11:00:00,3056.95,3060.0,3046.5,3057.9,27424
2024-05-17 11:15:00,3057.9,3058.4,3043.8,3050.8,22742
2024-05-17 11:30:00,3050.8,3056.0,3047.65,3055.0,13394
2024-05-17 11:45:00,3054.5,3060.0,3052.95,3060.0,11985
2024-05-17 12:00:00,3060.0,3061.5,3050.05,3051.2,13030
2024-05-17 12:15:00,3050.25,3065.0,3050.0,3058.1,18111
2024-05-17 12:30:00,3059.1,3059.1,3051.6,3052.95,6322
2024-05-17 12:45:00,3052.95,3057.1,3050.35,3051.8,12114
2024-05-17 13:00:00,3051.8,3057.25,3045.8,3052.5,22395
2024-05-17 13:15:00,3052.6,3059.7,3051.4,3057.55,12664
2024-05-17 13:30:00,3057.65,3057.65,3050.0,3054.8,12684
2024-05-17 13:45:00,3054.75,3056.65,3051.0,3053.2,11653
2024-05-17 14:00:00,3053.25,3059.75,3052.25,3056.2,12952
2024-05-17 14:15:00,3056.1,3058.0,3052.5,3054.65,11928
2024-05-17 14:30:00,3054.65,3058.0,3053.65,3054.35,13086
2024-05-17 14:45:00,3055.45,3057.0,3050.7,3051.9,28608
2024-05-17 15:00:00,3051.95,3065.0,3050.8,3063.9,92112
2024-05-17 15:15:00,3063.75,3064.0,3056.0,3057.0,85162
2024-05-18 09:15:00,3074.0,3074.0,3061.4,3069.0,20857
2024-05-18 09:30:00,3069.0,3069.5,3067.05,3068.85,6222
2024-05-18 09:45:00,3068.9,3068.9,3055.1,3058.2,9427
2024-05-18 11:30:00,3058.2,3067.0,3055.0,3063.75,9602
2024-05-18 11:45:00,3063.65,3065.55,3060.0,3060.55,11666
2024-05-18 12:00:00,3060.55,3062.0,3056.55,3057.5,8354
2024-05-18 12:15:00,3060.0,3062.0,3057.0,3061.0,8150
2024-05-21 09:15:00,3067.9,3070.0,3034.5,3040.0,103954
2024-05-21 09:30:00,3041.65,3049.85,3036.05,3044.05,39464
2024-05-21 09:45:00,3044.05,3052.0,3034.85,3051.4,46224
2024-05-21 10:00:00,3051.85,3077.6,3048.6,3071.0,104993
2024-05-21 10:15:00,3072.0,3077.0,3062.1,3073.95,79294
2024-05-21 10:30:00,3073.95,3077.0,3065.45,3066.5,41923
2024-05-21 10:45:00,3066.5,3077.0,3065.25,3073.9,28814
2024-05-21 11:00:00,3073.45,3085.0,3072.7,3085.0,72180
2024-05-21 11:15:00,3085.0,3114.3,3082.0,3108.0,179597
2024-05-21 11:30:00,3108.05,3116.65,3100.0,3107.6,157581
2024-05-21 11:45:00,3107.6,3112.0,3102.7,3109.95,124643
2024-05-21 12:00:00,3109.95,3155.15,3109.55,3147.95,273104
2024-05-21 12:15:00,3147.95,3167.95,3145.75,3155.0,229385
2024-05-21 12:30:00,3155.2,3169.0,3155.1,3161.0,176761
2024-05-21 12:45:00,3161.05,3175.0,3148.0,3149.8,188967
2024-05-21 13:00:00,3148.8,3160.0,3148.05,3159.85,246704
2024-05-21 13:15:00,3160.0,3168.65,3146.2,3150.0,137582
2024-05-21 13:30:00,3150.75,3155.0,3140.95,3141.85,98947
2024-05-21 13:45:00,3142.5,3149.25,3131.8,3134.0,125451
2024-05-21 14:00:00,3133.1,3140.0,3125.0,3128.6,111601
2024-05-21 14:15:00,3128.3,3130.0,3117.45,3125.7,138628
2024-05-21 14:30:00,3125.1,3135.0,3123.2,3130.0,126440
2024-05-21 14:45:00,3129.95,3133.0,3113.25,3115.0,75943
2024-05-21 15:00:00,3115.0,3125.0,3113.1,3116.45,86212
2024-05-21 15:15:00,3116.45,3120.15,3107.6,3110.0,96546
2024-05-22 09:15:00,3129.95,3131.9,3107.2,3113.15,121111
2024-05-22 09:30:00,3111.1,3114.0,3074.3,3079.9,106785
2024-05-22 09:45:00,3080.8,3108.0,3073.5,3106.2,71883
2024-05-22 10:00:00,3105.5,3109.9,3091.05,3106.0,65057
2024-05-22 10:15:00,3106.0,3114.45,3101.8,3109.8,110652
2024-05-22 10:30:00,3109.15,3115.0,3106.45,3113.5,102341
2024-05-22 10:45:00,3112.85,3115.0,3102.85,3104.0,82484
2024-05-22 11:00:00,3104.0,3114.7,3101.55,3110.0,97746
2024-05-22 11:15:00,3110.0,3115.0,3106.05,3114.45,71697
2024-05-22 11:30:00,3115.0,3120.0,3112.55,3117.7,81032
2024-05-22 11:45:00,3117.9,3121.95,3116.2,3117.6,90979
2024-05-22 12:00:00,3117.9,3120.0,3113.4,3116.05,75799
2024-05-22 12:15:00,3116.5,3120.0,3110.2,3114.05,81478
2024-05-22 12:30:00,3114.0,3118.0,3108.25,3115.55,130411
2024-05-22 12:45:00,3116.0,3120.0,3114.55,3118.3,147123
2024-05-22 13:00:00,3118.4,3124.0,3108.1,3111.15,175589
2024-05-22 13:15:00,3111.5,3121.95,3111.05,3118.2,148515
2024-05-22 13:30:00,3118.2,3122.0,3108.1,3120.25,181081
2024-05-22 13:45:00,3120.3,3133.0,3119.25,3125.0,248139
2024-05-22 14:00:00,3124.7,3135.0,3116.45,3119.0,204420
2024-05-22 14:15:00,3119.0,3135.0,3119.0,3131.95,191185
2024-05-22 14:30:00,3131.95,3135.0,3128.05,3134.45,193716
2024-05-22 14:45:00,3134.45,3141.95,3127.55,3134.8,241719
2024-05-22 15:00:00,3132.5,3145.0,3132.0,3145.0,213391
2024-05-22 15:15:00,3143.9,3145.0,3134.05,3137.0,136071
2024-05-23 09:15:00,3156.7,3156.7,3135.55,3144.65,130179
2024-05-23 09:30:00,3144.65,3169.95,3141.0,3160.15,113007
2024-05-23 09:45:00,3160.95,3171.8,3150.0,3170.65,90497
2024-05-23 10:00:00,3170.5,3178.0,3158.65,3165.05,75793
2024-05-23 10:15:00,3164.95,3166.05,3155.1,3159.65,92339
2024-05-23 10:30:00,3159.65,3160.0,3151.6,3157.35,57929
2024-05-23 10:45:00,3157.35,3163.0,3152.2,3153.75,81529
2024-05-23 11:00:00,3153.75,3206.15,3152.7,3200.3,245160
2024-05-23 11:15:00,3201.0,3222.5,3192.05,3199.95,243644
2024-05-23 11:30:00,3199.95,3228.9,3197.15,3223.0,142996
2024-05-23 11:45:00,3223.0,3241.75,3215.05,3238.55,212772
2024-05-23 12:00:00,3236.95,3239.4,3223.0,3233.7,319654
2024-05-23 12:15:00,3233.7,3284.0,3233.7,3276.35,357962
2024-05-23 12:30:00,3276.35,3310.95,3272.65,3294.0,377504
2024-05-23 12:45:00,3295.2,3326.6,3292.0,3320.85,351621
2024-05-23 13:00:00,3322.0,3377.5,3318.0,3364.4,731825
2024-05-23 13:15:00,3364.2,3367.0,3300.05,3344.0,686448
2024-05-23 13:30:00,3342.55,3354.75,3330.95,3351.05,296423
2024-05-23 13:45:00,3351.05,3369.0,3332.35,3347.0,371163
2024-05-23 14:00:00,3349.0,3349.0,3325.35,3335.25,200988
2024-05-23 14:15:00,3335.25,3339.0,3316.0,3320.35,148881
2024-05-23 14:30:00,3319.65,3349.0,3314.05,3347.15,164059
2024-05-23 14:45:00,3348.0,3368.9,3338.55,3364.1,363864
2024-05-23 15:00:00,3365.0,3397.0,3364.45,3373.0,604440
2024-05-23 15:15:00,3374.2,3406.0,3372.05,3400.0,517446
2024-05-24 09:15:00,3406.0,3428.7,3355.6,3406.6,685964
2024-05-24 09:30:00,3408.4,3408.4,3361.3,3382.6,223127
2024-05-24 09:45:00,3383.6,3397.0,3374.45,3393.0,141591
2024-05-24 10:00:00,3394.05,3411.6,3382.9,3400.3,120387
2024-05-24 10:15:00,3400.55,3445.05,3393.15,3416.75,270329
2024-05-24 10:30:00,3417.0,3449.0,3410.95,3446.5,203311
2024-05-24 10:45:00,3446.45,3453.7,3432.0,3446.85,198925
2024-05-24 11:00:00,3446.85,3452.0,3432.35,3443.0,133378
2024-05-24 11:15:00,3444.0,3457.85,3441.5,3453.85,129192
2024-05-24 11:30:00,3452.05,3454.15,3435.0,3449.0,94185
2024-05-24 11:45:00,3449.0,3451.25,3421.7,3424.1,127592
2024-05-24 12:00:00,3424.1,3429.25,3392.0,3408.5,173037
2024-05-24 12:15:00,3409.0,3410.0,3385.1,3403.9,95713
2024-05-24 12:30:00,3404.0,3429.0,3402.7,3427.45,102503
2024-05-24 12:45:00,3427.05,3427.6,3412.85,3421.3,42888
2024-05-24 13:00:00,3421.25,3430.0,3411.05,3413.25,47694
2024-05-24 13:15:00,3413.25,3420.0,3411.8,3417.65,18140
2024-05-24 13:30:00,3417.55,3428.85,3411.0,3424.1,29286
2024-05-24 13:45:00,3424.05,3425.3,3406.2,3414.25,35392
2024-05-24 14:00:00,3415.0,3417.75,3399.0,3404.4,39478
2024-05-24 14:15:00,3405.85,3408.4,3381.0,3383.0,103173
2024-05-24 14:30:00,3381.9,3390.0,3371.05,3383.2,90785
2024-05-24 14:45:00,3383.25,3393.0,3371.0,3392.5,103305
2024-05-24 15:00:00,3392.3,3393.45,3375.2,3385.6,104872
2024-05-24 15:15:00,3386.15,3392.75,3376.2,3381.0,159073
2024-05-27 09:15:00,3358.0,3358.0,3285.4,3320.0,563360
2024-05-27 09:30:00,3319.3,3328.8,3301.1,3303.0,143214
2024-05-27 09:45:00,3303.85,3305.0,3272.3,3275.0,225184
2024-05-27 10:00:00,3274.0,3295.15,3267.05,3284.0,116988
2024-05-27 10:15:00,3285.8,3291.0,3275.65,3288.45,81541
2024-05-27 10:30:00,3288.25,3299.0,3284.4,3293.75,79753
2024-05-27 10:45:00,3293.9,3311.45,3291.35,3307.65,96106
2024-05-27 11:00:00,3307.55,3320.0,3302.1,3315.7,94411
2024-05-27 11:15:00,3315.05,3315.7,3300.0,3306.7,59484
2024-05-27 11:30:00,3306.75,3310.0,3301.7,3308.55,35047
2024-05-27 11:45:00,3310.0,3334.8,3307.0,3330.2,110729
2024-05-27 12:00:00,3329.2,3334.85,3321.75,3330.25,71582
2024-05-27 12:15:00,3330.25,3344.45,3323.4,3341.25,71138
2024-05-27 12:30:00,3342.2,3342.9,3330.55,3338.0,51649
2024-05-27 12:45:00,3337.5,3339.2,3325.2,3327.2,41169
2024-05-27 13:00:00,3327.4,3330.25,3315.0,3317.6,42023
2024-05-27 13:15:00,3317.6,3335.2,3315.0,3334.5,43512
2024-05-27 13:30:00,3333.05,3337.45,3327.0,3330.2,31553
2024-05-27 13:45:00,3330.2,3335.95,3325.0,3325.0,50857
2024-05-27 14:00:00,3326.0,3331.3,3323.0,3325.0,25633
2024-05-27 14:15:00,3326.85,3328.0,3316.0,3318.45,45856
2024-05-27 14:30:00,3319.1,3324.45,3292.2,3293.35,84181
2024-05-27 14:45:00,3292.2,3300.0,3280.05,3283.3,106316
2024-05-27 15:00:00,3281.75,3289.95,3273.05,3286.75,122477
2024-05-27 15:15:00,3286.75,3299.45,3283.05,3295.05,188365
2024-05-28 09:15:00,3309.65,3310.0,3291.7,3304.9,150582
2024-05-28 09:30:00,3305.0,3307.4,3280.35,3298.0,95457
2024-05-28 09:45:00,3296.45,3300.0,3286.95,3288.5,45446
2024-05-28 10:00:00,3289.1,3293.25,3270.0,3289.7,81393
2024-05-28 10:15:00,3290.0,3329.5,3289.6,3307.3,197329
2024-05-28 10:30:00,3307.4,3320.0,3301.25,3305.85,69102
2024-05-28 10:45:00,3305.8,3310.4,3287.25,3296.95,53799
2024-05-28 11:00:00,3296.95,3297.0,3285.1,3290.1,27893
2024-05-28 11:15:00,3290.1,3311.9,3288.6,3296.8,81634
2024-05-28 11:30:00,3297.8,3306.0,3292.0,3297.95,39633
2024-05-28 11:45:00,3298.2,3303.75,3276.85,3282.7,63412
2024-05-28 12:00:00,3282.25,3294.8,3281.45,3289.0,29991
2024-05-28 12:15:00,3289.0,3289.0,3275.25,3277.0,39727
2024-05-28 12:30:00,3277.0,3285.4,3262.55,3281.75,75567
2024-05-28 12:45:00,3281.85,3283.3,3265.1,3273.95,45532
2024-05-28 13:00:00,3273.95,3283.9,3271.15,3273.75,24182
2024-05-28 13:15:00,3273.75,3282.0,3272.0,3282.0,20005
2024-05-28 13:30:00,3282.0,3283.35,3271.2,3277.35,17669
2024-05-28 13:45:00,3278.75,3280.35,3266.15,3269.5,21292
2024-05-28 14:00:00,3269.0,3270.1,3254.0,3265.95,63699
2024-05-28 14:15:00,3265.95,3268.95,3250.0,3265.5,60900
2024-05-28 14:30:00,3264.75,3265.0,3250.0,3258.0,37260
2024-05-28 14:45:00,3257.95,3258.8,3246.05,3246.35,42025
2024-05-28 15:00:00,3246.8,3255.85,3245.05,3251.5,73566
2024-05-28 15:15:00,3251.65,3252.55,3229.05,3239.0,163870
2024-05-29 09:15:00,3250.0,3250.0,3212.0,3245.3,186574
2024-05-29 09:30:00,3245.0,3268.4,3243.3,3261.7,116455
2024-05-29 09:45:00,3261.6,3281.05,3245.0,3280.2,75727
2024-05-29 10:00:00,3280.4,3289.1,3259.1,3266.85,92607
2024-05-29 10:15:00,3265.5,3269.0,3242.05,3249.8,73602
2024-05-29 10:30:00,3249.8,3257.85,3240.0,3254.6,45634
2024-05-29 10:45:00,3254.45,3256.45,3242.05,3247.75,30299
2024-05-29 11:00:00,3249.0,3269.35,3249.0,3256.6,68292
2024-05-29 11:15:00,3258.45,3267.0,3244.9,3262.45,44301
2024-05-29 11:30:00,3264.1,3275.0,3256.0,3266.0,67629
2024-05-29 11:45:00,3266.0,3290.0,3258.6,3286.8,127784
2024-05-29 12:00:00,3288.25,3288.4,3277.2,3281.0,46686
2024-05-29 12:15:00,3282.0,3287.5,3277.25,3281.75,45164
2024-05-29 12:30:00,3281.75,3284.4,3275.8,3283.5,24207
2024-05-29 12:45:00,3283.5,3289.0,3276.7,3281.0,39856
2024-05-29 13:00:00,3281.9,3306.75,3279.9,3298.05,82562
2024-05-29 13:15:00,3298.05,3322.9,3295.5,3311.0,136104
2024-05-29 13:30:00,3309.75,3311.3,3291.0,3300.15,59888
2024-05-29 13:45:00,3300.15,3300.15,3281.2,3284.8,61753
2024-05-29 14:00:00,3284.8,3291.95,3271.05,3291.0,62072
2024-05-29 14:15:00,3291.0,3300.0,3284.5,3286.9,64348
2024-05-29 14:30:00,3286.95,3290.0,3273.25,3279.55,52677
2024-05-29 14:45:00,3279.65,3285.0,3272.35,3275.15,51291
2024-05-29 15:00:00,3274.65,3289.0,3246.85,3254.95,151261
2024-05-29 15:15:00,3254.95,3256.15,3247.55,3255.0,103241
2024-05-30 09:15:00,3254.0,3274.3,3243.05,3264.2,162495
2024-05-30 09:30:00,3264.2,3270.6,3252.05,3257.5,55986
2024-05-30 09:45:00,3258.0,3258.5,3245.25,3252.8,40060
2024-05-30 10:00:00,3252.8,3256.95,3243.0,3244.4,32576
2024-05-30 10:15:00,3244.25,3253.8,3242.2,3250.2,27460
2024-05-30 10:30:00,3249.05,3255.95,3249.0,3255.25,25956
2024-05-30 10:45:00,3255.95,3261.5,3236.0,3243.85,54379
2024-05-30 11:00:00,3243.95,3247.05,3230.0,3233.95,43451
2024-05-30 11:15:00,3235.9,3236.4,3215.15,3218.75,76879
2024-05-30 11:30:00,3218.75,3221.8,3197.2,3199.0,89538
2024-05-30 11:45:00,3197.85,3208.0,3174.5,3175.6,128385
2024-05-30 12:00:00,3177.2,3217.5,3175.55,3213.4,93276
2024-05-30 12:15:00,3213.4,3218.9,3208.0,3217.5,42243
2024-05-30 12:30:00,3217.5,3224.9,3217.0,3223.5,48124
2024-05-30 12:45:00,3224.0,3233.35,3210.75,3231.0,62677
2024-05-30 13:00:00,3231.0,3231.0,3222.05,3230.0,39034
2024-05-30 13:15:00,3230.0,3234.0,3223.5,3232.85,45423
2024-05-30 13:30:00,3233.25,3233.55,3226.9,3230.45,30899
2024-05-30 13:45:00,3231.7,3235.8,3230.25,3234.1,69007
2024-05-30 14:00:00,3234.95,3240.0,3229.1,3238.55,98093
2024-05-30 14:15:00,3238.45,3250.95,3230.05,3233.25,85912
2024-05-30 14:30:00,3232.8,3234.5,3190.2,3192.05,141286
2024-05-30 14:45:00,3192.0,3205.9,3188.35,3190.6,117873
2024-05-30 15:00:00,3190.6,3208.25,3187.0,3193.05,172606
2024-05-30 15:15:00,3193.05,3209.9,3183.4,3209.9,204872
2024-05-31 09:15:00,3225.25,3312.0,3225.25,3299.5,511557
2024-05-31 09:30:00,3299.5,3344.3,3299.5,3312.85,475515
2024-05-31 09:45:00,3312.8,3314.0,3277.1,3281.75,269763
2024-05-31 10:00:00,3282.0,3293.55,3268.45,3290.8,173003
2024-05-31 10:15:00,3292.0,3312.0,3283.45,3299.95,151955
2024-05-31 10:30:00,3299.95,3312.0,3290.0,3307.0,101962
2024-05-31 10:45:00,3308.35,3313.3,3287.05,3291.3,96387
2024-05-31 11:00:00,3291.65,3304.9,3289.0,3300.6,79012
2024-05-31 11:15:00,3300.6,3308.9,3296.0,3297.4,44797
2024-05-31 11:30:00,3298.35,3322.4,3297.0,3317.05,106042
2024-05-31 11:45:00,3316.65,3318.9,3302.05,3314.15,72832
2024-05-31 12:00:00,3315.0,3317.95,3305.4,3312.0,49135
2024-05-31 12:15:00,3313.0,3313.3,3305.0,3308.5,44292
2024-05-31 12:30:00,3307.2,3329.0,3306.95,3329.0,115244
2024-05-31 12:45:00,3329.05,3384.65,3329.0,3365.0,542491
2024-05-31 13:00:00,3365.0,3380.55,3351.05,3357.55,251317
2024-05-31 13:15:00,3357.0,3397.3,3357.0,3379.6,406086
2024-05-31 13:30:00,3380.0,3387.0,3371.6,3382.5,147638
2024-05-31 13:45:00,3381.75,3392.35,3373.4,3385.9,203975
2024-05-31 14:00:00,3385.75,3413.5,3383.05,3398.3,393444
2024-05-31 14:15:00,3397.7,3420.0,3395.0,3405.6,355940
2024-05-31 14:30:00,3405.55,3409.75,3382.0,3398.5,316023
2024-05-31 14:45:00,3398.5,3411.0,3385.3,3408.0,230616
2024-05-31 15:00:00,3408.0,3415.0,3392.95,3410.9,465095
2024-05-31 15:15:00,3412.0,3434.45,3394.25,3416.0,779181
2024-06-03 09:15:00,3725.0,3725.0,3586.05,3633.6,2329243
2024-06-03 09:30:00,3633.8,3743.9,3621.6,3734.9,1209992
2024-06-03 09:45:00,3733.15,3734.9,3679.05,3719.15,635176
2024-06-03 10:00:00,3716.95,3725.95,3662.7,3670.0,390949
2024-06-03 10:15:00,3669.1,3684.85,3652.0,3658.85,252255
2024-06-03 10:30:00,3659.55,3660.55,3625.85,3627.4,349243
2024-06-03 10:45:00,3628.3,3639.7,3614.0,3619.3,204732
2024-06-03 11:00:00,3617.25,3645.0,3615.0,3635.85,170226
2024-06-03 11:15:00,3635.0,3637.5,3621.0,3625.0,107517
2024-06-03 11:30:00,3624.7,3649.1,3622.05,3639.4,181624
2024-06-03 11:45:00,3639.8,3648.95,3635.15,3645.95,74238
2024-06-03 12:00:00,3646.0,3665.0,3637.0,3645.7,287551
2024-06-03 12:15:00,3645.7,3655.0,3644.8,3650.0,190465
2024-06-03 12:30:00,3650.0,3651.9,3633.4,3639.0,69703
2024-06-03 12:45:00,3639.0,3648.0,3634.6,3640.95,72541
2024-06-03 13:00:00,3640.95,3648.6,3636.8,3639.0,70031
2024-06-03 13:15:00,3639.0,3655.0,3636.8,3654.0,199984
2024-06-03 13:30:00,3652.0,3652.0,3626.75,3640.0,121243
2024-06-03 13:45:00,3641.55,3660.0,3641.05,3651.95,167446
2024-06-03 14:00:00,3651.35,3669.8,3645.25,3659.95,152959
2024-06-03 14:15:00,3660.0,3664.65,3649.05,3653.0,226514
2024-06-03 14:30:00,3654.25,3663.8,3651.4,3660.7,406693
2024-06-03 14:45:00,3660.65,3661.5,3640.35,3648.7,128654
2024-06-03 15:00:00,3648.7,3650.0,3635.0,3650.0,191803
2024-06-03 15:15:00,3649.85,3661.5,3637.3,3660.1,315780
2024-06-04 09:15:00,3520.0,3520.0,3292.35,3301.05,2053600
2024-06-04 09:30:00,3301.0,3349.6,3280.75,3280.75,1474689
2024-06-04 09:45:00,3280.75,3415.95,3280.75,3415.95,1569548
2024-06-04 10:00:00,3415.75,3433.0,3380.5,3429.9,616786
2024-06-04 10:15:00,3426.75,3429.65,3356.55,3371.8,604807
2024-06-04 10:30:00,3371.8,3382.95,3263.5,3265.45,812447
2024-06-04 10:45:00,3265.25,3275.4,3145.1,3187.75,1255759
2024-06-04 11:00:00,3187.65,3197.7,3098.5,3115.05,973856
2024-06-04 11:15:00,3117.75,3117.75,2916.2,3028.15,461809
2024-06-04 11:30:00,3006.0,3105.9,2950.0,3037.1,1018059
2024-06-04 11:45:00,3038.9,3073.55,2927.75,2935.0,743358
2024-06-04 12:00:00,2932.05,2959.3,2916.2,2916.2,673761
2024-06-04 12:15:00,2916.2,2916.2,2733.95,2733.95,508174
2024-06-04 12:30:00,2733.95,2977.0,2733.95,2969.65,987427
2024-06-04 12:45:00,2969.7,3045.95,2934.0,2968.15,769612
2024-06-04 13:00:00,2970.55,2999.0,2920.6,2992.4,567048
2024-06-04 13:15:00,2992.15,3072.6,2971.2,3045.3,577570
2024-06-04 13:30:00,3045.3,3110.7,3030.0,3109.05,573096
2024-06-04 13:45:00,3109.8,3183.3,3104.45,3170.0,668806
2024-06-04 14:00:00,3169.95,3171.5,3050.0,3061.4,610151
2024-06-04 14:15:00,3061.15,3061.15,2951.15,2986.95,745029
2024-06-04 14:30:00,2986.9,3053.55,2982.15,3018.0,389195
2024-06-04 14:45:00,3017.75,3031.95,2928.0,2943.0,438586
2024-06-04 15:00:00,2942.45,2982.55,2900.0,2974.8,661790
2024-06-04 15:15:00,2974.7,2977.3,2915.05,2950.0,550522
2024-06-05 09:15:00,3030.0,3050.0,2750.0,2872.25,1513234
2024-06-05 09:30:00,2874.3,2893.5,2820.0,2837.05,607747
2024-06-05 09:45:00,2835.7,2859.8,2813.3,2826.9,285020
2024-06-05 10:00:00,2829.0,2879.0,2825.0,2856.25,324643
2024-06-05 10:15:00,2858.0,2879.45,2818.1,2827.75,253847
2024-06-05 10:30:00,2828.8,2850.0,2818.4,2841.0,168118
2024-06-05 10:45:00,2840.65,2931.95,2832.7,2927.45,466309
2024-06-05 11:00:00,2927.1,3057.45,2919.9,3004.75,843938
2024-06-05 11:15:00,3006.45,3019.4,2966.6,3012.45,415674
2024-06-05 11:30:00,3012.6,3013.75,2938.05,2965.2,327496
2024-06-05 11:45:00,2963.85,2972.6,2923.8,2939.15,241656
2024-06-05 12:00:00,2939.15,2969.75,2934.45,2965.2,147102
2024-06-05 12:15:00,2965.2,3005.0,2965.2,2981.6,182096
2024-06-05 12:30:00,2982.75,2995.15,2970.0,2973.45,105353
2024-06-05 12:45:00,2973.45,3007.0,2952.5,3001.25,179041
2024-06-05 13:00:00,3002.0,3051.75,3000.5,3046.5,406397
2024-06-05 13:15:00,3046.5,3070.0,3017.3,3028.15,275560
2024-06-05 13:30:00,3028.25,3043.7,3010.0,3040.4,147279
2024-06-05 13:45:00,3041.0,3065.95,3030.0,3058.7,241833
2024-06-05 14:00:00,3058.95,3075.0,3031.0,3035.6,261322
2024-06-05 14:15:00,3033.55,3045.95,3020.05,3033.5,142691
2024-06-05 14:30:00,3033.15,3071.0,3030.0,3071.0,158782
2024-06-05 14:45:00,3070.0,3095.9,3058.95,3095.9,263003
2024-06-05 15:00:00,3095.9,3150.0,3090.0,3102.85,517809
2024-06-05 15:15:00,3104.0,3133.55,3090.0,3093.0,301378
2024-06-06 09:15:00,3184.0,3197.0,3137.15,3152.35,702567
2024-06-06 09:30:00,3152.35,3193.85,3143.0,3187.0,345272
2024-06-06 09:45:00,3185.55,3220.0,3157.0,3197.95,322383
2024-06-06 10:00:00,3196.45,3222.4,3195.0,3208.0,255997
2024-06-06 10:15:00,3208.0,3219.0,3192.0,3207.75,154152
2024-06-06 10:30:00,3207.75,3215.0,3195.5,3210.35,172541
2024-06-06 10:45:00,3210.05,3215.0,3201.0,3210.05,182414
2024-06-06 11:00:00,3210.05,3211.4,3203.15,3207.5,140036
2024-06-06 11:15:00,3207.85,3210.0,3195.7,3201.75,163827
2024-06-06 11:30:00,3202.7,3205.0,3175.05,3183.7,225907
2024-06-06 11:45:00,3183.3,3194.5,3153.2,3180.1,274314
2024-06-06 12:00:00,3180.05,3189.6,3174.3,3183.85,191242
2024-06-06 12:15:00,3183.85,3198.95,3180.6,3191.25,158727
2024-06-06 12:30:00,3191.15,3199.8,3180.45,3182.05,181888
2024-06-06 12:45:00,3182.1,3200.0,3179.0,3182.8,219487
2024-06-06 13:00:00,3183.6,3184.8,3156.0,3172.4,267289
2024-06-06 13:15:00,3172.45,3189.0,3168.1,3179.55,229368
2024-06-06 13:30:00,3179.5,3189.0,3170.35,3187.45,209964
2024-06-06 13:45:00,3186.95,3194.9,3178.15,3193.4,212668
2024-06-06 14:00:00,3193.2,3200.0,3187.65,3196.8,255351
2024-06-06 14:15:00,3199.65,3208.55,3192.25,3194.95,263383
2024-06-06 14:30:00,3193.8,3198.9,3177.2,3182.6,142397
2024-06-06 14:45:00,3181.55,3189.5,3165.0,3177.55,128010
2024-06-06 15:00:00,3179.0,3197.0,3178.15,3182.0,289011
2024-06-06 15:15:00,3182.0,3190.0,3170.55,3181.6,184178
2024-06-07 09:15:00,3170.4,3198.0,3151.6,3190.05,305186
2024-06-07 09:30:00,3190.05,3197.0,3182.05,3182.4,118659
2024-06-07 09:45:00,3183.05,3189.0,3170.0,3186.85,91734
2024-06-07 10:00:00,3185.4,3192.2,3177.15,3179.0,62937
2024-06-07 10:15:00,3178.15,3185.0,3172.0,3182.45,34730
2024-06-07 10:30:00,3183.35,3192.0,3180.15,3181.2,81825
2024-06-07 10:45:00,3182.8,3200.0,3181.35,3199.45,141888
2024-06-07 11:00:00,3199.45,3200.0,3192.5,3196.7,119748
2024-06-07 11:15:00,3195.45,3198.0,3185.35,3187.2,130645
2024-06-07 11:30:00,3187.2,3197.0,3187.0,3196.8,103663
2024-06-07 11:45:00,3194.75,3200.0,3191.05,3197.45,163100
2024-06-07 12:00:00,3195.6,3214.95,3192.5,3196.65,293964
2024-06-07 12:15:00,3196.1,3201.9,3188.0,3199.6,143911
2024-06-07 12:30:00,3201.4,3210.0,3195.1,3210.0,218140
2024-06-07 12:45:00,3209.0,3233.75,3209.0,3218.25,417404
2024-06-07 13:00:00,3218.5,3225.0,3210.25,3219.0,249936
2024-06-07 13:15:00,3218.2,3222.0,3210.0,3221.3,212879
2024-06-07 13:30:00,3220.65,3222.0,3210.0,3213.5,231095
2024-06-07 13:45:00,3213.5,3215.0,3206.6,3209.45,208093
2024-06-07 14:00:00,3209.45,3222.0,3209.45,3217.95,216116
2024-06-07 14:15:00,3216.4,3219.0,3211.15,3214.0,253319
2024-06-07 14:30:00,3214.95,3222.0,3213.25,3218.65,248242
2024-06-07 14:45:00,3221.0,3230.0,3218.7,3224.05,335024
2024-06-07 15:00:00,3225.0,3229.85,3210.05,3217.0,164917
2024-06-07 15:15:00,3215.2,3225.0,3213.25,3222.5,192190
2024-06-10 09:15:00,3267.0,3284.4,3240.05,3276.45,457090
2024-06-10 09:30:00,3276.45,3284.05,3236.1,3268.05,280562
2024-06-10 09:45:00,3269.6,3270.4,3242.1,3247.3,103740
2024-06-10 10:00:00,3247.05,3263.6,3242.1,3250.95,120089
2024-06-10 10:15:00,3253.95,3259.45,3247.5,3249.5,103575
2024-06-10 10:30:00,3249.5,3252.8,3238.35,3248.75,227027
2024-06-10 10:45:00,3248.55,3249.6,3235.0,3238.2,113168
2024-06-10 11:00:00,3238.0,3242.65,3230.0,3234.3,121016
2024-06-10 11:15:00,3234.65,3241.95,3233.15,3237.25,89475
2024-06-10 11:30:00,3237.25,3240.0,3233.0,3238.2,81300
2024-06-10 11:45:00,3238.2,3242.0,3233.05,3239.0,93826
2024-06-10 12:00:00,3239.7,3248.0,3238.4,3244.65,198483
2024-06-10 12:15:00,3244.65,3250.0,3242.0,3247.2,219839
2024-06-10 12:30:00,3247.2,3255.0,3245.25,3248.1,249993
2024-06-10 12:45:00,3248.2,3254.95,3246.3,3250.85,205539
2024-06-10 13:00:00,3251.1,3255.0,3248.0,3248.9,233197
2024-06-10 13:15:00,3248.2,3253.0,3245.2,3249.95,237527
2024-06-10 13:30:00,3249.95,3252.0,3246.6,3248.4,211213
2024-06-10 13:45:00,3248.4,3255.0,3241.35,3244.6,281899
2024-06-10 14:00:00,3244.65,3250.0,3243.75,3246.85,238363
2024-06-10 14:15:00,3246.85,3250.0,3223.0,3225.15,279083
2024-06-10 14:30:00,3225.3,3245.8,3223.95,3244.95,287241
2024-06-10 14:45:00,3244.0,3248.15,3227.0,3232.95,231680
2024-06-10 15:00:00,3234.3,3238.45,3220.55,3221.05,76856
2024-06-10 15:15:00,3221.4,3227.65,3205.5,3212.3,193787
2024-06-11 09:15:00,3224.0,3244.0,3195.05,3235.45,200583
2024-06-11 09:30:00,3235.0,3240.95,3210.0,3223.7,125118
2024-06-11 09:45:00,3223.7,3230.9,3220.0,3226.0,45805
2024-06-11 10:00:00,3227.4,3228.0,3221.0,3223.65,24303
2024-06-11 10:15:00,3222.85,3225.0,3215.0,3218.0,42359
2024-06-11 10:30:00,3218.5,3225.95,3215.0,3216.8,41350
2024-06-11 10:45:00,3216.8,3219.85,3209.0,3212.0,53637
2024-06-11 11:00:00,3212.0,3220.0,3203.0,3218.6,143474
2024-06-11 11:15:00,3218.5,3223.2,3215.75,3222.0,162461
2024-06-11 11:30:00,3221.15,3229.9,3218.15,3219.2,219182
2024-06-11 11:45:00,3218.55,3229.35,3212.0,3217.2,279271
2024-06-11 12:00:00,3218.15,3230.0,3211.2,3230.0,278993
2024-06-11 12:15:00,3230.0,3265.0,3229.25,3247.25,586574
2024-06-11 12:30:00,3248.4,3250.0,3237.05,3243.05,212724
2024-06-11 12:45:00,3243.0,3249.0,3236.35,3240.9,196470
2024-06-11 13:00:00,3240.9,3249.0,3240.35,3246.25,166701
2024-06-11 13:15:00,3246.6,3249.0,3242.35,3247.0,158970
2024-06-11 13:30:00,3247.0,3253.0,3243.85,3245.0,208030
2024-06-11 13:45:00,3245.45,3252.0,3244.3,3251.05,164771
2024-06-11 14:00:00,3250.45,3252.0,3237.15,3243.65,162174
2024-06-11 14:15:00,3244.0,3245.0,3234.05,3245.0,156284
2024-06-11 14:30:00,3245.0,3247.0,3240.45,3245.85,137758
2024-06-11 14:45:00,3244.9,3247.0,3241.35,3243.8,154448
2024-06-11 15:00:00,3244.25,3244.35,3215.0,3215.0,116221
2024-06-11 15:15:00,3215.0,3220.9,3210.55,3215.0,135625
2024-06-12 09:15:00,3224.9,3244.9,3222.5,3241.0,148943
2024-06-12 09:30:00,3239.95,3245.0,3230.1,3234.6,57011
2024-06-12 09:45:00,3233.45,3238.7,3230.1,3238.6,31618
2024-06-12 10:00:00,3239.65,3239.65,3228.0,3231.0,27542
2024-06-12 10:15:00,3231.9,3234.0,3222.0,3229.0,34348
2024-06-12 10:30:00,3229.0,3234.85,3225.6,3228.0,30972
2024-06-12 10:45:00,3227.5,3229.9,3221.0,3224.0,40483
2024-06-12 11:00:00,3224.85,3238.0,3216.3,3231.25,124652
2024-06-12 11:15:00,3231.0,3238.0,3223.0,3228.8,155708
2024-06-12 11:30:00,3227.55,3235.0,3225.0,3225.1,149341
2024-06-12 11:45:00,3225.0,3232.0,3222.1,3231.0,130792
2024-06-12 12:00:00,3231.3,3232.0,3223.55,3228.9,146720
2024-06-12 12:15:00,3228.9,3235.0,3228.65,3230.0,226603
2024-06-12 12:30:00,3230.0,3230.05,3224.8,3225.45,135749
2024-06-12 12:45:00,3225.15,3228.4,3218.0,3221.85,160646
2024-06-12 13:00:00,3222.6,3224.85,3215.25,3220.0,159869
2024-06-12 13:15:00,3219.5,3225.0,3218.4,3224.8,113243
2024-06-12 13:30:00,3224.8,3230.0,3222.5,3223.25,126547
2024-06-12 13:45:00,3223.5,3225.4,3217.05,3223.5,127979
2024-06-12 14:00:00,3221.85,3228.0,3219.05,3223.65,119929
2024-06-12 14:15:00,3223.65,3225.7,3217.0,3219.9,117574
2024-06-12 14:30:00,3219.75,3228.0,3217.6,3225.0,192388
2024-06-12 14:45:00,3224.0,3232.35,3223.2,3227.85,220303
2024-06-12 15:00:00,3227.65,3228.0,3217.0,3218.45,123370
2024-06-12 15:15:00,3217.5,3219.35,3208.0,3209.0,118354
2024-06-13 09:15:00,3230.0,3254.0,3227.05,3239.5,164517
2024-06-13 09:30:00,3239.5,3240.0,3229.0,3230.0,62566
2024-06-13 09:45:00,3230.0,3234.05,3225.0,3232.7,67571
2024-06-13 10:00:00,3233.95,3234.0,3221.1,3225.0,53994
2024-06-13 10:15:00,3225.0,3228.0,3217.0,3218.85,37822
2024-06-13 10:30:00,3220.4,3232.0,3218.1,3229.1,103297
2024-06-13 10:45:00,3228.95,3231.85,3224.0,3227.3,111122
2024-06-13 11:00:00,3227.45,3228.9,3219.8,3222.05,115466
2024-06-13 11:15:00,3221.9,3223.9,3211.15,3214.0,168466
2024-06-13 11:30:00,3214.0,3220.0,3211.0,3214.4,174190
2024-06-13 11:45:00,3214.0,3222.0,3212.0,3213.35,166349
2024-06-13 12:00:00,3212.75,3222.0,3212.0,3220.5,133519
2024-06-13 12:15:00,3220.75,3222.0,3212.55,3213.2,147826
2024-06-13 12:30:00,3213.2,3216.1,3211.15,3211.85,149329
2024-06-13 12:45:00,3211.85,3213.7,3207.25,3210.05,165009
2024-06-13 13:00:00,3210.1,3220.0,3210.0,3218.25,136946
2024-06-13 13:15:00,3218.05,3220.0,3215.7,3218.4,110482
2024-06-13 13:30:00,3219.25,3224.35,3218.05,3221.0,145548
2024-06-13 13:45:00,3221.2,3222.0,3215.5,3219.8,124003
2024-06-13 14:00:00,3219.9,3231.7,3215.25,3218.0,223603
2024-06-13 14:15:00,3218.0,3220.0,3211.1,3217.75,164038
2024-06-13 14:30:00,3219.0,3230.0,3217.75,3229.85,191780
2024-06-13 14:45:00,3229.85,3230.0,3219.0,3230.0,80436
2024-06-13 15:00:00,3229.2,3230.0,3220.0,3225.25,79590
2024-06-13 15:15:00,3225.25,3226.95,3220.4,3222.25,125242
2024-06-14 09:15:00,3225.0,3251.5,3221.1,3251.5,180443
2024-06-14 09:30:00,3250.0,3259.0,3232.0,3233.1,117516
2024-06-14 09:45:00,3233.85,3249.4,3230.1,3247.95,60946
2024-06-14 10:00:00,3248.05,3252.0,3239.0,3246.0,183788
2024-06-14 10:15:00,3246.0,3256.0,3243.25,3246.0,251244
2024-06-14 10:30:00,3245.5,3252.3,3240.0,3240.1,80133
2024-06-14 10:45:00,3240.1,3247.55,3238.75,3245.0,57448
2024-06-14 11:00:00,3245.0,3270.0,3245.0,3265.0,482410
2024-06-14 11:15:00,3264.15,3268.0,3248.1,3248.1,164811
2024-06-14 11:30:00,3248.1,3259.0,3247.3,3256.55,142463
2024-06-14 11:45:00,3256.55,3259.0,3248.2,3249.55,147548
2024-06-14 12:00:00,3250.0,3253.9,3245.2,3252.0,132153
2024-06-14 12:15:00,3251.85,3256.75,3248.1,3250.55,149598
2024-06-14 12:30:00,3250.6,3254.95,3248.6,3252.7,147803
2024-06-14 12:45:00,3252.7,3255.0,3248.7,3251.7,292273
2024-06-14 13:00:00,3251.7,3253.85,3245.95,3249.85,133762
2024-06-14 13:15:00,3248.3,3253.0,3245.65,3249.85,111438
2024-06-14 13:30:00,3249.55,3253.0,3241.45,3246.15,129386
2024-06-14 13:45:00,3246.3,3250.0,3242.0,3245.05,155667
2024-06-14 14:00:00,3245.1,3251.0,3244.95,3249.65,117591
2024-06-14 14:15:00,3249.95,3253.0,3249.0,3249.9,114460
2024-06-14 14:30:00,3251.0,3254.0,3249.0,3249.3,177264
2024-06-14 14:45:00,3248.85,3254.0,3245.0,3252.05,122189
2024-06-14 15:00:00,3252.55,3270.0,3250.0,3269.45,394508
2024-06-14 15:15:00,3269.15,3275.0,3265.0,3269.0,177325
2024-06-18 09:15:00,3310.0,3345.0,3300.0,3319.0,443303
2024-06-18 09:30:00,3318.0,3320.8,3304.0,3312.45,107675
2024-06-18 09:45:00,3313.9,3321.0,3309.0,3311.05,79432
2024-06-18 10:00:00,3311.05,3315.75,3301.35,3302.05,74025
2024-06-18 10:15:00,3302.15,3308.6,3287.2,3295.35,94684
2024-06-18 10:30:00,3296.05,3300.0,3293.0,3296.1,36987
2024-06-18 10:45:00,3295.7,3297.5,3290.0,3294.0,24356
2024-06-18 11:00:00,3293.25,3307.0,3292.65,3302.35,65943
2024-06-18 11:15:00,3301.1,3304.8,3295.0,3295.5,26996
2024-06-18 11:30:00,3296.0,3306.35,3295.15,3300.9,48730
2024-06-18 11:45:00,3300.05,3306.85,3299.45,3302.1,36471
2024-06-18 12:00:00,3302.1,3303.5,3291.75,3295.05,29796
2024-06-18 12:15:00,3295.05,3299.4,3295.0,3298.35,18702
2024-06-18 12:30:00,3298.3,3300.0,3296.5,3297.95,14999
2024-06-18 12:45:00,3296.75,3298.85,3294.3,3295.25,32129
2024-06-18 13:00:00,3295.55,3307.0,3294.65,3304.0,54209
2024-06-18 13:15:00,3304.0,3310.0,3300.1,3302.0,62371
2024-06-18 13:30:00,3301.95,3313.65,3300.85,3310.55,48913
2024-06-18 13:45:00,3310.35,3318.0,3310.0,3312.55,55984
2024-06-18 14:00:00,3312.45,3315.0,3308.15,3310.8,42565
2024-06-18 14:15:00,3310.95,3315.0,3308.55,3311.35,30716
2024-06-18 14:30:00,3312.95,3317.7,3310.0,3312.2,56914
2024-06-18 14:45:00,3312.95,3315.0,3311.65,3312.9,60873
2024-06-18 15:00:00,3312.85,3314.0,3306.15,3309.25,74391
2024-06-18 15:15:00,3308.55,3314.9,3303.1,3310.95,133810
2024-06-19 09:15:00,3314.0,3314.0,3258.55,3260.25,198288
2024-06-19 09:30:00,3260.25,3277.9,3239.0,3257.65,149999
2024-06-19 09:45:00,3257.85,3270.4,3252.35,3258.4,47066
2024-06-19 10:00:00,3260.9,3269.0,3251.95,3252.65,41171
2024-06-19 10:15:00,3252.65,3254.0,3233.75,3236.2,90527
2024-06-19 10:30:00,3236.2,3248.0,3228.0,3235.0,97570
2024-06-19 10:45:00,3235.85,3247.6,3226.3,3245.15,57493
2024-06-19 11:00:00,3245.15,3250.0,3240.9,3250.0,47428
2024-06-19 11:15:00,3249.9,3259.0,3246.35,3247.45,37777
2024-06-19 11:30:00,3246.35,3257.6,3242.0,3254.0,30707
2024-06-19 11:45:00,3254.0,3264.0,3252.1,3262.0,45622
2024-06-19 12:00:00,3262.0,3272.95,3260.0,3271.0,46156
2024-06-19 12:15:00,3271.45,3275.15,3264.45,3269.05,38394
2024-06-19 12:30:00,3268.2,3275.0,3267.8,3269.0,22606
2024-06-19 12:45:00,3269.0,3271.0,3263.2,3266.0,37501
2024-06-19 13:00:00,3266.0,3268.9,3258.75,3260.25,40894
2024-06-19 13:15:00,3261.1,3267.55,3255.0,3266.7,22861
2024-06-19 13:30:00,3266.5,3270.9,3247.0,3254.8,56678
2024-06-19 13:45:00,3254.8,3257.95,3249.0,3255.2,19440
2024-06-19 14:00:00,3255.2,3257.7,3248.05,3251.6,21396
2024-06-19 14:15:00,3252.0,3260.0,3250.2,3252.7,23059
2024-06-19 14:30:00,3253.15,3267.0,3252.65,3260.45,38543
2024-06-19 14:45:00,3260.0,3269.7,3259.0,3259.65,42421
2024-06-19 15:00:00,3260.8,3268.5,3259.45,3264.0,80122
2024-06-19 15:15:00,3264.0,3267.0,3251.3,3264.25,84691
2024-06-20 09:15:00,3263.9,3278.0,3240.0,3264.3,168360
2024-06-20 09:30:00,3264.7,3282.95,3262.6,3278.25,89470
2024-06-20 09:45:00,3278.1,3280.0,3265.0,3270.45,52548
2024-06-20 10:00:00,3270.45,3305.0,3269.2,3304.0,117309
2024-06-20 10:15:00,3303.65,3315.0,3301.0,3305.15,129062
2024-06-20 10:30:00,3305.5,3309.45,3292.0,3297.9,52554
2024-06-20 10:45:00,3297.9,3300.0,3291.1,3297.85,37614
2024-06-20 11:00:00,3297.85,3301.5,3293.45,3294.4,21265
2024-06-20 11:15:00,3294.15,3297.15,3287.65,3291.8,25537
2024-06-20 11:30:00,3291.0,3297.0,3288.0,3295.95,21754
2024-06-20 11:45:00,3295.2,3297.0,3290.4,3293.5,30926
2024-06-20 12:00:00,3295.0,3299.8,3292.0,3298.05,25485
2024-06-20 12:15:00,3298.0,3298.0,3289.0,3289.1,11457
2024-06-20 12:30:00,3290.0,3292.0,3280.0,3281.25,28025
2024-06-20 12:45:00,3280.3,3283.2,3276.0,3282.2,22943
2024-06-20 13:00:00,3283.3,3283.5,3277.5,3280.95,20449
2024-06-20 13:15:00,3280.4,3287.0,3275.0,3280.95,62463
2024-06-20 13:30:00,3280.95,3282.95,3275.0,3279.75,28537
2024-06-20 13:45:00,3279.95,3282.0,3272.0,3274.5,35338
2024-06-20 14:00:00,3274.65,3282.5,3273.75,3279.2,32521
2024-06-20 14:15:00,3278.45,3286.25,3273.3,3274.75,34883
2024-06-20 14:30:00,3274.75,3275.2,3266.25,3269.95,62553
2024-06-20 14:45:00,3269.95,3271.75,3250.45,3259.8,82801
2024-06-20 15:00:00,3259.95,3266.25,3257.3,3259.55,70950
2024-06-20 15:15:00,3259.55,3264.7,3254.2,3261.95,101589
2024-06-21 09:15:00,3265.05,3277.1,3234.15,3247.85,228203
2024-06-21 09:30:00,3247.8,3249.45,3223.75,3224.4,133708
2024-06-21 09:45:00,3224.4,3232.75,3220.1,3227.9,86593
2024-06-21 10:00:00,3227.8,3230.45,3216.0,3219.75,73058
2024-06-21 10:15:00,3219.75,3231.45,3218.0,3229.4,72906
2024-06-21 10:30:00,3229.75,3234.75,3226.15,3228.0,79818
2024-06-21 10:45:00,3227.95,3232.3,3218.05,3228.85,107008
2024-06-21 11:00:00,3228.85,3231.8,3224.1,3228.45,86885
2024-06-21 11:15:00,3228.45,3228.45,3218.15,3218.6,95137
2024-06-21 11:30:00,3219.25,3224.85,3216.05,3218.45,122467
2024-06-21 11:45:00,3218.45,3220.0,3217.35,3217.9,75728
2024-06-21 12:00:00,3217.9,3222.05,3217.5,3219.35,77782
2024-06-21 12:15:00,3219.35,3222.3,3213.3,3214.7,105899
2024-06-21 12:30:00,3214.85,3217.95,3208.05,3208.55,106456
2024-06-21 12:45:00,3208.55,3211.0,3205.1,3205.65,92727
2024-06-21 13:00:00,3205.65,3207.0,3195.0,3202.25,157162
2024-06-21 13:15:00,3201.8,3212.0,3200.55,3201.95,172486
2024-06-21 13:30:00,3201.9,3206.15,3198.85,3204.05,93534
2024-06-21 13:45:00,3203.8,3219.3,3203.75,3216.25,123381
2024-06-21 14:00:00,3216.0,3225.0,3213.95,3219.8,133921
2024-06-21 14:15:00,3219.8,3221.1,3206.15,3207.55,81341
2024-06-21 14:30:00,3208.0,3209.95,3196.0,3207.05,78348
2024-06-21 14:45:00,3207.05,3218.0,3206.1,3212.65,79014
2024-06-21 15:00:00,3212.6,3213.55,3184.25,3187.0,1127781
2024-06-21 15:15:00,3187.5,3192.8,3176.4,3192.8,1105449
2024-06-24 09:15:00,3185.75,3185.75,3147.1,3164.0,166445
2024-06-24 09:30:00,3163.85,3164.1,3135.0,3147.0,127954
2024-06-24 09:45:00,3147.0,3185.0,3146.0,3182.0,93479
2024-06-24 10:00:00,3180.3,3192.45,3176.0,3187.75,118459
2024-06-24 10:15:00,3187.75,3203.0,3180.75,3191.1,155407
2024-06-24 10:30:00,3190.7,3192.95,3181.5,3186.75,136906
2024-06-24 10:45:00,3189.6,3189.6,3177.4,3186.2,149009
2024-06-24 11:00:00,3186.1,3195.0,3184.05,3190.5,161307
2024-06-24 11:15:00,3193.0,3200.0,3190.15,3198.0,144686
2024-06-24 11:30:00,3197.5,3199.95,3190.0,3192.4,140026
2024-06-24 11:45:00,3192.0,3192.55,3187.0,3188.95,141427
2024-06-24 12:00:00,3190.0,3200.0,3187.35,3196.95,140604
2024-06-24 12:15:00,3197.2,3198.0,3193.1,3196.2,116096
2024-06-24 12:30:00,3195.75,3200.0,3195.1,3197.0,119344
2024-06-24 12:45:00,3197.05,3214.8,3195.75,3202.35,213298
2024-06-24 13:00:00,3203.0,3208.95,3197.1,3201.8,210393
2024-06-24 13:15:00,3202.45,3204.5,3195.3,3198.45,175020
2024-06-24 13:30:00,3196.95,3204.0,3194.4,3199.1,120140
2024-06-24 13:45:00,3198.75,3205.0,3196.25,3198.65,130887
2024-06-24 14:00:00,3198.65,3200.0,3195.55,3197.35,113161
2024-06-24 14:15:00,3197.65,3200.0,3195.2,3198.6,173979
2024-06-24 14:30:00,3199.8,3199.8,3190.0,3197.35,56055
2024-06-24 14:45:00,3197.35,3197.35,3190.05,3191.0,27227
2024-06-24 15:00:00,3191.05,3199.0,3191.05,3196.4,56682
2024-06-24 15:15:00,3196.05,3197.55,3190.3,3193.95,73409
2024-06-25 09:15:00,3204.75,3208.45,3186.05,3192.5,89852
2024-06-25 09:30:00,3192.5,3199.3,3184.45,3191.0,39769
2024-06-25 09:45:00,3192.3,3197.95,3187.25,3187.55,28215
2024-06-25 10:00:00,3187.55,3190.3,3175.55,3184.8,39281
2024-06-25 10:15:00,3184.75,3185.3,3175.15,3182.45,24165
2024-06-25 10:30:00,3182.4,3182.4,3165.05,3166.45,48840
2024-06-25 10:45:00,3166.0,3173.95,3166.0,3170.0,22467
2024-06-25 11:00:00,3169.0,3170.0,3162.05,3163.35,27259
2024-06-25 11:15:00,3163.35,3168.0,3156.35,3167.35,35968
2024-06-25 11:30:00,3165.8,3170.0,3163.15,3170.0,97776
2024-06-25 11:45:00,3170.0,3174.85,3167.15,3172.1,107647
2024-06-25 12:00:00,3172.3,3175.0,3169.55,3170.2,75866
2024-06-25 12:15:00,3171.6,3180.0,3169.15,3177.0,79224
2024-06-25 12:30:00,3175.35,3180.0,3172.4,3173.7,102171
2024-06-25 12:45:00,3174.0,3178.0,3172.5,3178.0,77452
2024-06-25 13:00:00,3177.95,3180.0,3175.0,3178.2,77374
2024-06-25 13:15:00,3178.2,3182.0,3172.05,3172.1,83599
2024-06-25 13:30:00,3170.3,3175.45,3167.2,3175.0,96035
2024-06-25 13:45:00,3173.8,3179.8,3171.5,3178.4,87906
2024-06-25 14:00:00,3178.9,3182.0,3173.9,3178.0,113483
2024-06-25 14:15:00,3176.05,3184.95,3174.4,3174.95,120307
2024-06-25 14:30:00,3174.95,3175.0,3165.35,3167.65,43028
2024-06-25 14:45:00,3167.5,3170.0,3163.05,3165.8,31917
2024-06-25 15:00:00,3165.8,3176.95,3165.5,3174.0,71854
2024-06-25 15:15:00,3174.0,3174.0,3165.8,3169.9,73447
2024-06-26 09:15:00,3169.05,3187.7,3163.9,3181.0,127487
2024-06-26 09:30:00,3180.85,3182.0,3169.0,3170.0,54543
2024-06-26 09:45:00,3170.0,3179.0,3165.35,3177.0,45447
2024-06-26 10:00:00,3177.0,3185.0,3173.0,3173.9,86062
2024-06-26 10:15:00,3173.9,3180.75,3169.0,3179.15,49173
2024-06-26 10:30:00,3179.15,3182.0,3174.0,3176.2,96460
2024-06-26 10:45:00,3178.25,3178.9,3171.05,3176.05,86975
2024-06-26 11:00:00,3176.0,3181.7,3175.15,3181.7,68144
2024-06-26 11:15:00,3182.0,3182.0,3168.05,3174.3,128763
2024-06-26 11:30:00,3174.3,3175.0,3170.15,3174.75,88970
2024-06-26 11:45:00,3174.75,3175.45,3172.05,3175.0,96245
2024-06-26 12:00:00,3175.0,3176.85,3173.0,3175.7,87867
2024-06-26 12:15:00,3175.6,3180.25,3171.0,3171.25,97060
2024-06-26 12:30:00,3171.25,3179.0,3168.0,3173.75,87779
2024-06-26 12:45:00,3173.1,3175.0,3171.0,3174.7,95380
2024-06-26 13:00:00,3174.1,3175.0,3166.6,3171.25,94217
2024-06-26 13:15:00,3171.85,3175.0,3171.1,3172.75,96115
2024-06-26 13:30:00,3172.75,3175.95,3170.5,3175.95,106230
2024-06-26 13:45:00,3174.35,3176.0,3172.5,3174.0,86453
2024-06-26 14:00:00,3174.0,3175.65,3172.15,3173.2,126692
2024-06-26 14:15:00,3173.2,3174.0,3165.5,3170.95,72569
2024-06-26 14:30:00,3170.25,3174.0,3166.05,3167.1,28177
2024-06-26 14:45:00,3166.8,3173.9,3166.0,3169.15,32795
2024-06-26 15:00:00,3169.65,3172.75,3166.35,3170.75,67878
2024-06-26 15:15:00,3170.75,3174.0,3167.55,3169.0,135348
2024-06-27 09:15:00,3177.0,3184.6,3168.35,3171.05,80825
2024-06-27 09:30:00,3172.7,3191.55,3170.1,3191.55,219793
2024-06-27 09:45:00,3191.95,3202.25,3183.75,3188.7,276596
2024-06-27 10:00:00,3188.7,3190.0,3182.55,3185.35,216571
2024-06-27 10:15:00,3185.35,3190.0,3183.6,3190.0,163937
2024-06-27 10:30:00,3189.25,3194.95,3185.3,3188.2,178281
2024-06-27 10:45:00,3188.2,3188.95,3166.15,3169.4,205335
2024-06-27 11:00:00,3169.75,3175.0,3166.1,3169.15,202772
2024-06-27 11:15:00,3168.8,3176.0,3168.15,3174.35,186283
2024-06-27 11:30:00,3173.0,3175.0,3168.55,3169.65,178419
2024-06-27 11:45:00,3168.75,3172.0,3162.9,3169.9,212294
2024-06-27 12:00:00,3168.05,3170.0,3160.0,3168.9,185481
2024-06-27 12:15:00,3168.9,3170.0,3161.65,3163.65,191644
2024-06-27 12:30:00,3163.55,3170.0,3163.1,3169.95,187614
2024-06-27 12:45:00,3168.75,3170.0,3160.5,3162.4,176491
2024-06-27 13:00:00,3162.15,3166.95,3158.6,3163.15,174537
2024-06-27 13:15:00,3163.15,3167.8,3154.35,3158.25,177229
2024-06-27 13:30:00,3158.25,3160.0,3153.6,3155.0,241513
2024-06-27 13:45:00,3155.05,3159.8,3151.0,3153.65,192171
2024-06-27 14:00:00,3154.1,3162.25,3153.75,3161.8,269120
2024-06-27 14:15:00,3160.55,3166.5,3158.45,3160.7,306404
2024-06-27 14:30:00,3160.5,3163.15,3150.0,3156.3,185104
2024-06-27 14:45:00,3156.25,3162.2,3154.2,3159.75,149155
2024-06-27 15:00:00,3158.6,3181.0,3158.6,3177.85,269751
2024-06-27 15:15:00,3177.95,3183.65,3173.8,3175.0,287409
2024-06-28 09:15:00,3190.0,3202.6,3182.0,3198.25,108486
2024-06-28 09:30:00,3198.15,3201.0,3191.55,3198.55,58599
2024-06-28 09:45:00,3198.55,3211.95,3195.0,3197.9,119778
2024-06-28 10:00:00,3196.3,3199.2,3188.0,3194.0,35221
2024-06-28 10:15:00,3194.9,3196.4,3178.0,3181.3,33169
2024-06-28 10:30:00,3181.5,3192.8,3180.6,3181.3,45354
2024-06-28 10:45:00,3181.0,3194.0,3181.0,3188.4,49036
2024-06-28 11:00:00,3188.4,3189.05,3183.2,3185.9,39383
2024-06-28 11:15:00,3185.95,3192.0,3180.05,3181.35,43674
2024-06-28 11:30:00,3181.35,3189.75,3180.05,3183.35,35557
2024-06-28 11:45:00,3183.35,3187.15,3175.0,3177.2,42625
2024-06-28 12:00:00,3175.8,3179.65,3171.1,3172.45,13001
2024-06-28 12:15:00,3172.45,3172.45,3160.05,3164.05,31055
2024-06-28 12:30:00,3164.05,3166.6,3157.0,3160.65,17716
2024-06-28 12:45:00,3160.65,3164.95,3157.0,3163.2,19569
2024-06-28 13:00:00,3164.0,3170.95,3162.6,3170.95,13541
2024-06-28 13:15:00,3170.35,3170.8,3163.35,3167.0,10096
2024-06-28 13:30:00,3167.0,3171.8,3165.0,3169.6,11263
2024-06-28 13:45:00,3170.1,3173.7,3166.0,3172.65,14752
2024-06-28 14:00:00,3173.65,3178.95,3172.0,3174.4,18538
2024-06-28 14:15:00,3174.4,3178.8,3171.05,3172.65,13904
2024-06-28 14:30:00,3171.25,3174.6,3162.0,3166.15,22616
2024-06-28 14:45:00,3166.0,3177.65,3166.0,3175.0,27907
2024-06-28 15:00:00,3175.0,3184.4,3171.25,3177.2,61704
2024-06-28 15:15:00,3177.95,3180.45,3171.45,3174.0,74183
2024-07-01 09:15:00,3179.95,3187.1,3161.65,3173.3,93477
2024-07-01 09:30:00,3173.0,3178.5,3165.7,3171.7,45465
2024-07-01 09:45:00,3171.7,3189.8,3170.5,3184.0,59820
2024-07-01 10:00:00,3184.1,3193.15,3177.05,3178.1,45962
2024-07-01 10:15:00,3178.1,3182.6,3175.45,3177.1,22456
2024-07-01 10:30:00,3178.25,3179.95,3171.7,3175.5,19972
2024-07-01 10:45:00,3175.5,3177.3,3172.35,3175.15,14573
2024-07-01 11:00:00,3178.0,3178.4,3168.5,3169.1,23308
2024-07-01 11:15:00,3169.1,3177.0,3168.0,3172.55,15909
2024-07-01 11:30:00,3174.15,3174.2,3166.0,3168.5,21033
2024-07-01 11:45:00,3169.0,3170.35,3157.55,3165.4,56062
2024-07-01 12:00:00,3165.4,3168.55,3163.25,3165.4,23548
2024-07-01 12:15:00,3166.85,3168.5,3160.0,3162.9,14946
2024-07-01 12:30:00,3162.8,3164.55,3159.1,3163.85,15408
2024-07-01 12:45:00,3163.2,3165.0,3161.0,3162.0,16445
2024-07-01 13:00:00,3162.0,3166.45,3161.15,3161.15,11481
2024-07-01 13:15:00,3163.9,3169.0,3162.2,3165.0,15737
2024-07-01 13:30:00,3166.95,3173.9,3164.9,3173.0,28547
2024-07-01 13:45:00,3173.0,3181.0,3170.2,3179.55,40238
2024-07-01 14:00:00,3180.0,3187.7,3177.0,3181.0,38958
2024-07-01 14:15:00,3181.0,3186.8,3177.0,3181.6,27449
2024-07-01 14:30:00,3182.0,3185.9,3181.0,3183.55,28306
2024-07-01 14:45:00,3182.55,3184.7,3181.0,3183.55,26978
2024-07-01 15:00:00,3184.4,3188.9,3180.3,3185.0,58023
2024-07-01 15:15:00,3186.0,3186.95,3177.0,3180.0,67507
2024-07-02 09:15:00,3179.85,3181.95,3160.0,3160.65,144244
2024-07-02 09:30:00,3160.65,3175.8,3158.0,3170.9,75095
2024-07-02 09:45:00,3171.0,3171.8,3160.0,3167.9,50672
2024-07-02 10:00:00,3167.8,3172.0,3164.5,3170.0,25341
2024-07-02 10:15:00,3169.1,3174.0,3164.3,3164.8,36099
2024-07-02 10:30:00,3164.8,3207.8,3164.0,3203.5,249774
2024-07-02 10:45:00,3204.55,3206.0,3192.85,3193.0,92426
2024-07-02 11:00:00,3193.95,3197.95,3185.0,3190.75,66034
2024-07-02 11:15:00,3192.2,3194.2,3181.0,3182.75,31868
2024-07-02 11:30:00,3183.15,3185.95,3165.05,3168.05,40307
2024-07-02 11:45:00,3168.1,3173.7,3165.45,3169.45,33725
2024-07-02 12:00:00,3169.3,3173.2,3151.1,3153.05,68639
2024-07-02 12:15:00,3153.1,3164.9,3151.0,3160.3,31792
2024-07-02 12:30:00,3161.35,3161.35,3144.0,3150.3,70777
2024-07-02 12:45:00,3151.55,3156.4,3145.0,3148.1,37865
2024-07-02 13:00:00,3146.35,3154.8,3131.05,3153.7,74045
2024-07-02 13:15:00,3153.05,3157.35,3146.05,3150.8,27499
2024-07-02 13:30:00,3151.8,3156.0,3146.35,3155.0,22614
2024-07-02 13:45:00,3155.15,3157.0,3148.0,3152.2,19497
2024-07-02 14:00:00,3153.15,3155.5,3150.0,3150.5,17591
2024-07-02 14:15:00,3151.8,3154.6,3147.9,3151.0,26865
2024-07-02 14:30:00,3151.0,3159.95,3151.0,3156.85,30233
2024-07-02 14:45:00,3156.7,3162.8,3156.5,3158.75,43557
2024-07-02 15:00:00,3160.0,3162.35,3156.9,3159.05,65112
2024-07-02 15:15:00,3159.05,3159.9,3143.35,3150.0,108470
2024-07-03 09:15:00,3158.0,3161.9,3147.75,3158.45,134848
2024-07-03 09:30:00,3158.45,3165.95,3153.15,3157.55,57594
2024-07-03 09:45:00,3157.55,3159.15,3148.05,3152.0,36635
2024-07-03 10:00:00,3152.0,3161.35,3152.0,3157.9,37389
2024-07-03 10:15:00,3157.9,3168.0,3155.0,3156.5,29740
2024-07-03 10:30:00,3155.1,3160.9,3155.0,3155.5,47193
2024-07-03 10:45:00,3155.5,3159.45,3153.0,3156.7,49107
2024-07-03 11:00:00,3156.7,3159.35,3149.0,3149.75,36815
2024-07-03 11:15:00,3149.75,3153.0,3149.0,3151.1,30670
2024-07-03 11:30:00,3151.1,3158.0,3151.0,3152.5,25303
2024-07-03 11:45:00,3153.05,3154.85,3151.5,3153.7,8701
2024-07-03 12:00:00,3153.5,3157.0,3151.9,3152.2,7166
2024-07-03 12:15:00,3152.2,3158.4,3152.0,3156.2,14436
2024-07-03 12:30:00,3157.0,3159.5,3156.0,3156.9,9473
2024-07-03 12:45:00,3156.0,3159.0,3156.0,3157.45,10534
2024-07-03 13:00:00,3158.25,3163.6,3156.85,3158.65,15753
2024-07-03 13:15:00,3158.8,3160.0,3158.2,3158.95,9702
2024-07-03 13:30:00,3159.0,3163.1,3158.0,3160.6,18109
2024-07-03 13:45:00,3160.6,3165.0,3157.25,3159.65,19954
2024-07-03 14:00:00,3159.65,3163.0,3159.05,3161.0,12075
2024-07-03 14:15:00,3161.0,3162.25,3156.0,3158.0,16410
2024-07-03 14:30:00,3158.5,3194.55,3157.5,3187.0,191129
2024-07-03 14:45:00,3188.0,3190.9,3180.0,3189.25,78981
2024-07-03 15:00:00,3189.9,3194.0,3188.1,3192.0,148779
2024-07-03 15:15:00,3192.2,3193.85,3184.0,3185.0,105278
2024-07-04 09:15:00,3192.0,3194.45,3165.9,3171.65,118920
2024-07-04 09:30:00,3170.4,3176.35,3167.0,3174.6,49739
2024-07-04 09:45:00,3174.55,3174.95,3161.85,3169.95,49505
2024-07-04 10:00:00,3169.95,3171.0,3165.45,3167.0,18865
2024-07-04 10:15:00,3165.95,3167.05,3150.0,3155.65,77575
2024-07-04 10:30:00,3156.95,3158.5,3150.0,3155.95,39931
2024-07-04 10:45:00,3157.0,3158.55,3143.0,3146.6,78550
2024-07-04 11:00:00,3146.2,3151.9,3144.25,3148.7,38009
2024-07-04 11:15:00,3148.7,3154.9,3147.1,3154.0,19564
2024-07-04 11:30:00,3154.0,3156.95,3152.75,3154.6,30817
2024-07-04 11:45:00,3154.6,3159.5,3154.0,3158.45,20157
2024-07-04 12:00:00,3158.45,3159.5,3155.0,3156.2,19428
2024-07-04 12:15:00,3156.2,3157.95,3155.95,3156.95,12673
2024-07-04 12:30:00,3156.0,3161.1,3155.25,3157.45,24840
2024-07-04 12:45:00,3157.45,3163.35,3156.0,3160.55,27863
2024-07-04 13:00:00,3161.0,3162.5,3159.95,3160.0,20048
2024-07-04 13:15:00,3160.0,3161.0,3157.0,3158.85,18451
2024-07-04 13:30:00,3158.85,3159.5,3155.15,3155.25,19108
2024-07-04 13:45:00,3156.5,3156.55,3150.1,3152.85,22140
2024-07-04 14:00:00,3153.45,3156.35,3152.0,3153.0,17283
2024-07-04 14:15:00,3153.0,3157.75,3152.2,3155.2,17681
2024-07-04 14:30:00,3156.0,3157.2,3152.3,3153.35,24502
2024-07-04 14:45:00,3153.3,3155.1,3147.0,3147.0,42096
2024-07-04 15:00:00,3147.0,3151.45,3141.0,3146.25,108352
2024-07-04 15:15:00,3147.95,3148.0,3138.05,3143.0,138218
2024-07-05 09:15:00,3143.9,3144.0,3123.95,3141.7,98941
2024-07-05 09:30:00,3141.7,3158.55,3132.6,3149.0,70257
2024-07-05 09:45:00,3149.0,3154.0,3142.35,3145.5,31014
2024-07-05 10:00:00,3144.0,3153.9,3143.4,3150.95,30081
2024-07-05 10:15:00,3152.05,3155.65,3148.0,3151.35,32441
2024-07-05 10:30:00,3151.4,3153.0,3145.0,3148.7,27244
2024-07-05 10:45:00,3148.75,3151.0,3145.5,3150.7,15818
2024-07-05 11:00:00,3150.7,3151.0,3144.15,3145.25,12286
2024-07-05 11:15:00,3144.2,3152.45,3143.8,3148.65,9639
2024-07-05 11:30:00,3148.65,3151.4,3146.25,3149.25,16136
2024-07-05 11:45:00,3149.25,3152.0,3147.55,3150.0,17491
2024-07-05 12:00:00,3150.0,3151.8,3147.25,3148.75,19745
2024-07-05 12:15:00,3148.75,3148.85,3144.0,3147.3,6856
2024-07-05 12:30:00,3147.3,3150.3,3145.0,3149.5,11061
2024-07-05 12:45:00,3149.5,3149.95,3143.4,3146.55,7440
2024-07-05 13:00:00,3145.35,3147.55,3137.75,3140.0,16860
2024-07-05 13:15:00,3139.25,3143.0,3135.65,3136.8,13675
2024-07-05 13:30:00,3138.0,3141.55,3136.0,3139.25,11191
2024-07-05 13:45:00,3137.3,3139.05,3135.05,3135.05,16079
2024-07-05 14:00:00,3136.0,3138.6,3133.0,3133.6,9813
2024-07-05 14:15:00,3133.6,3135.5,3130.05,3130.3,15148
2024-07-05 14:30:00,3130.2,3138.75,3130.0,3138.0,20049
2024-07-05 14:45:00,3136.7,3138.0,3132.5,3136.9,11515
2024-07-05 15:00:00,3136.9,3150.0,3136.5,3149.0,70601
2024-07-05 15:15:00,3149.85,3153.0,3146.15,3146.15,72319
2024-07-08 09:15:00,3147.9,3158.2,3132.0,3135.9,75558
2024-07-08 09:30:00,3135.5,3137.9,3121.2,3125.25,51716
2024-07-08 09:45:00,3125.05,3132.1,3121.0,3121.0,38109
2024-07-08 10:00:00,3121.0,3130.0,3115.5,3124.1,70939
2024-07-08 10:15:00,3124.1,3126.85,3120.0,3121.2,22805
2024-07-08 10:30:00,3121.2,3121.7,3111.2,3114.45,53787
2024-07-08 10:45:00,3114.55,3117.0,3106.15,3110.05,34168
2024-07-08 11:00:00,3111.0,3112.2,3090.15,3091.1,62041
2024-07-08 11:15:00,3092.5,3096.75,3086.05,3090.3,68846
2024-07-08 11:30:00,3092.15,3095.0,3075.0,3078.0,59490
2024-07-08 11:45:00,3076.75,3082.85,3075.05,3078.05,44745
2024-07-08 12:00:00,3078.8,3082.95,3075.0,3076.6,81102
2024-07-08 12:15:00,3078.0,3086.55,3076.0,3085.9,32763
2024-07-08 12:30:00,3085.85,3093.3,3084.0,3088.2,28244
2024-07-08 12:45:00,3088.15,3090.7,3083.95,3088.65,18766
2024-07-08 13:00:00,3089.95,3093.6,3085.15,3091.75,21829
2024-07-08 13:15:00,3092.7,3093.2,3086.0,3086.0,15579
2024-07-08 13:30:00,3086.0,3087.0,3081.0,3083.25,20057
2024-07-08 13:45:00,3083.0,3089.0,3083.0,3087.5,21445
2024-07-08 14:00:00,3087.65,3092.0,3087.0,3090.85,22279
2024-07-08 14:15:00,3091.0,3094.6,3090.0,3093.0,24906
2024-07-08 14:30:00,3094.0,3101.0,3092.25,3100.25,47980
2024-07-08 14:45:00,3100.0,3109.5,3100.0,3109.25,42377
2024-07-08 15:00:00,3109.0,3121.6,3108.0,3115.85,98064
2024-07-08 15:15:00,3115.6,3117.8,3106.8,3112.0,97125
2024-07-09 09:15:00,3115.95,3150.0,3101.7,3149.0,105983
2024-07-09 09:30:00,3149.85,3158.0,3144.05,3144.2,147714
2024-07-09 09:45:00,3144.2,3150.65,3138.3,3139.25,75500
2024-07-09 10:00:00,3140.75,3144.0,3128.15,3138.8,37772
2024-07-09 10:15:00,3138.8,3141.75,3122.3,3131.55,38565
2024-07-09 10:30:00,3131.6,3134.65,3122.25,3132.65,18640
2024-07-09 10:45:00,3133.95,3135.0,3124.5,3129.45,21782
2024-07-09 11:00:00,3129.5,3130.0,3122.2,3122.2,12778
2024-07-09 11:15:00,3122.2,3125.35,3116.05,3117.15,28627
2024-07-09 11:30:00,3116.5,3120.0,3114.0,3118.0,19165
2024-07-09 11:45:00,3117.3,3118.0,3108.0,3108.0,23707
2024-07-09 12:00:00,3108.75,3111.95,3104.1,3107.15,28754
2024-07-09 12:15:00,3107.15,3108.7,3102.25,3104.55,22235
2024-07-09 12:30:00,3105.0,3107.5,3102.5,3103.1,18247
2024-07-09 12:45:00,3103.1,3111.4,3100.5,3111.1,22211
2024-07-09 13:00:00,3111.1,3114.3,3105.95,3108.0,22510
2024-07-09 13:15:00,3109.15,3109.95,3104.75,3107.05,14933
2024-07-09 13:30:00,3108.35,3111.0,3106.35,3109.0,16885
2024-07-09 13:45:00,3109.5,3112.35,3104.2,3110.85,16106
2024-07-09 14:00:00,3112.3,3118.6,3110.8,3115.0,28220
2024-07-09 14:15:00,3115.0,3115.0,3108.05,3108.1,21879
2024-07-09 14:30:00,3108.1,3113.9,3107.25,3111.5,20320
2024-07-09 14:45:00,3111.0,3115.0,3109.05,3109.8,32399
2024-07-09 15:00:00,3110.35,3112.95,3108.8,3111.0,42417
2024-07-09 15:15:00,3111.15,3114.35,3107.9,3112.0,84913
2024-07-10 09:15:00,3120.1,3127.25,3115.0,3119.0,60979
2024-07-10 09:30:00,3119.25,3121.4,3111.3,3112.0,25444
2024-07-10 09:45:00,3111.1,3115.0,3105.0,3106.35,22437
2024-07-10 10:00:00,3105.8,3110.9,3092.35,3099.15,45788
2024-07-10 10:15:00,3099.15,3104.3,3081.35,3086.2,43024
2024-07-10 10:30:00,3087.7,3095.4,3063.4,3080.9,56050
2024-07-10 10:45:00,3078.5,3097.65,3075.0,3093.0,22544
2024-07-10 11:00:00,3093.8,3099.7,3086.0,3091.05,16224
2024-07-10 11:15:00,3090.9,3093.8,3086.0,3091.0,8689
2024-07-10 11:30:00,3091.0,3103.0,3091.0,3102.15,30077
2024-07-10 11:45:00,3102.2,3109.0,3099.0,3103.05,18515
2024-07-10 12:00:00,3101.9,3105.9,3093.0,3096.95,16306
2024-07-10 12:15:00,3097.0,3099.75,3089.75,3091.95,8762
2024-07-10 12:30:00,3091.95,3103.0,3090.1,3099.7,11109
2024-07-10 12:45:00,3099.7,3103.4,3097.15,3103.0,5790
2024-07-10 13:00:00,3103.0,3103.05,3097.0,3098.2,5121
2024-07-10 13:15:00,3098.2,3100.0,3088.5,3096.65,8450
2024-07-10 13:30:00,3097.9,3099.0,3092.15,3093.1,6268
2024-07-10 13:45:00,3092.1,3095.0,3087.0,3091.2,8528
2024-07-10 14:00:00,3091.65,3092.1,3082.6,3087.85,16328
2024-07-10 14:15:00,3087.85,3093.0,3086.0,3088.5,6731
2024-07-10 14:30:00,3089.3,3098.8,3088.5,3095.45,17034
2024-07-10 14:45:00,3095.6,3097.5,3086.3,3090.85,33848
2024-07-10 15:00:00,3090.85,3098.0,3090.85,3097.0,31151
2024-07-10 15:15:00,3097.0,3099.4,3090.15,3093.9,61324
2024-07-11 09:15:00,3118.7,3119.95,3100.0,3113.35,73828
2024-07-11 09:30:00,3113.45,3122.95,3108.0,3117.95,52755
2024-07-11 09:45:00,3119.6,3129.8,3114.5,3119.6,46413
2024-07-11 10:00:00,3120.0,3123.0,3109.0,3110.55,29594
2024-07-11 10:15:00,3110.8,3114.05,3105.05,3110.0,38023
2024-07-11 10:30:00,3110.0,3119.0,3108.0,3116.1,34879
2024-07-11 10:45:00,3115.5,3120.65,3110.45,3116.55,19660
2024-07-11 11:00:00,3116.55,3121.55,3115.0,3115.75,19034
2024-07-11 11:15:00,3115.7,3117.7,3110.75,3111.9,10128
2024-07-11 11:30:00,3112.25,3116.0,3111.55,3114.15,9337
2024-07-11 11:45:00,3114.15,3114.55,3101.05,3102.35,23785
2024-07-11 12:00:00,3101.1,3102.55,3086.2,3102.4,38299
2024-07-11 12:15:00,3102.4,3104.65,3098.2,3099.8,15234
2024-07-11 12:30:00,3100.0,3103.85,3098.0,3101.6,12739
2024-07-11 12:45:00,3102.75,3104.0,3098.5,3103.0,8002
2024-07-11 13:00:00,3103.0,3106.45,3102.0,3103.9,12203
2024-07-11 13:15:00,3103.35,3107.25,3096.0,3099.9,14499
2024-07-11 13:30:00,3099.85,3100.9,3095.25,3098.1,13566
2024-07-11 13:45:00,3099.0,3103.75,3095.0,3096.25,16047
2024-07-11 14:00:00,3096.25,3098.0,3093.2,3097.5,17903
2024-07-11 14:15:00,3097.45,3097.5,3094.5,3094.5,9641
2024-07-11 14:30:00,3094.05,3100.0,3092.7,3098.4,36136
2024-07-11 14:45:00,3096.95,3099.4,3077.55,3079.3,100946
2024-07-11 15:00:00,3079.35,3081.4,3074.2,3075.25,119466
2024-07-11 15:15:00,3076.3,3087.7,3074.1,3087.0,127164
2024-07-12 09:15:00,3090.0,3098.8,3084.0,3090.0,63892
2024-07-12 09:30:00,3090.95,3090.95,3080.7,3084.9,31746
2024-07-12 09:45:00,3084.9,3086.5,3073.0,3082.5,33726
2024-07-12 10:00:00,3082.5,3084.2,3076.8,3080.95,9105
2024-07-12 10:15:00,3081.0,3085.85,3079.15,3084.05,12050
2024-07-12 10:30:00,3084.95,3089.0,3078.0,3078.1,14847
2024-07-12 10:45:00,3078.0,3082.15,3074.0,3077.0,22857
2024-07-12 11:00:00,3077.0,3086.2,3075.0,3082.45,27246
2024-07-12 11:15:00,3081.0,3082.5,3075.0,3077.4,30734
2024-07-12 11:30:00,3077.35,3080.0,3071.0,3076.0,26601
2024-07-12 11:45:00,3075.9,3078.9,3072.0,3073.4,25851
2024-07-12 12:00:00,3073.2,3077.2,3071.0,3074.85,21006
2024-07-12 12:15:00,3075.0,3075.0,3068.8,3070.0,24316
2024-07-12 12:30:00,3070.0,3075.0,3058.35,3072.0,49169
2024-07-12 12:45:00,3072.7,3075.0,3070.5,3074.75,41367
2024-07-12 13:00:00,3072.9,3075.0,3070.55,3074.95,24363
2024-07-12 13:15:00,3074.3,3079.0,3072.1,3078.0,24371
2024-07-12 13:30:00,3078.0,3081.0,3075.0,3077.05,23064
2024-07-12 13:45:00,3075.75,3077.9,3072.3,3073.0,18351
2024-07-12 14:00:00,3073.85,3075.0,3070.5,3071.0,14092
2024-07-12 14:15:00,3071.0,3075.0,3067.0,3072.15,39880
2024-07-12 14:30:00,3072.15,3074.0,3070.1,3072.2,15294
2024-07-12 14:45:00,3072.25,3074.0,3070.05,3070.6,14215
2024-07-12 15:00:00,3070.3,3070.95,3061.1,3063.8,76451
2024-07-12 15:15:00,3061.65,3067.9,3060.05,3066.0,70887
2024-07-15 09:15:00,3066.1,3080.0,3066.1,3067.5,68257
2024-07-15 09:30:00,3068.7,3072.95,3058.35,3063.8,42589
2024-07-15 09:45:00,3064.15,3070.0,3063.0,3067.1,18149
2024-07-15 10:00:00,3065.5,3075.65,3064.55,3074.9,20326
2024-07-15 10:15:00,3075.0,3081.0,3071.6,3073.5,25190
2024-07-15 10:30:00,3073.5,3079.5,3072.1,3074.0,34874
2024-07-15 10:45:00,3073.1,3075.0,3068.0,3071.65,20878
2024-07-15 11:00:00,3072.8,3075.0,3070.8,3071.15,17662
2024-07-15 11:15:00,3071.15,3074.45,3070.0,3072.45,13027
2024-07-15 11:30:00,3072.3,3075.0,3070.2,3073.0,18608
2024-07-15 11:45:00,3072.0,3081.0,3071.05,3074.5,52762
2024-07-15 12:00:00,3074.6,3080.0,3073.9,3076.95,22734
2024-07-15 12:15:00,3076.95,3079.7,3073.0,3076.0,18190
2024-07-15 12:30:00,3077.2,3093.65,3076.4,3084.95,35772
2024-07-15 12:45:00,3084.85,3088.1,3082.0,3082.0,14508
2024-07-15 13:00:00,3082.95,3084.9,3081.0,3083.5,16695
2024-07-15 13:15:00,3083.5,3089.0,3082.0,3086.9,20370
2024-07-15 13:30:00,3088.0,3088.8,3082.4,3086.95,18780
2024-07-15 13:45:00,3086.15,3099.0,3086.05,3092.15,38360
2024-07-15 14:00:00,3092.1,3103.5,3090.25,3091.8,43190
2024-07-15 14:15:00,3091.8,3093.75,3085.05,3091.6,30547
2024-07-15 14:30:00,3090.05,3096.95,3090.05,3091.6,11624
2024-07-15 14:45:00,3091.1,3095.0,3090.55,3090.55,24589
2024-07-15 15:00:00,3090.5,3093.9,3086.2,3087.9,41203
2024-07-15 15:15:00,3089.0,3095.0,3085.1,3091.0,54364
2024-07-16 09:15:00,3110.0,3137.75,3096.1,3128.65,194542
2024-07-16 09:30:00,3127.7,3136.9,3118.2,3119.1,91252
2024-07-16 09:45:00,3119.0,3124.55,3112.8,3121.05,28747
2024-07-16 10:00:00,3120.0,3123.0,3112.6,3120.55,22288
2024-07-16 10:15:00,3120.35,3123.45,3116.05,3119.0,22264
2024-07-16 10:30:00,3119.4,3119.4,3113.35,3113.8,22803
2024-07-16 10:45:00,3114.85,3119.1,3111.1,3115.95,29613
2024-07-16 11:00:00,3115.95,3119.4,3111.0,3111.6,29607
2024-07-16 11:15:00,3111.6,3116.9,3105.0,3110.2,38082
2024-07-16 11:30:00,3110.0,3115.8,3110.0,3110.1,23638
2024-07-16 11:45:00,3110.2,3116.55,3106.55,3114.65,27762
2024-07-16 12:00:00,3114.65,3119.05,3111.0,3111.0,25039
2024-07-16 12:15:00,3110.7,3114.0,3104.0,3109.65,43589
2024-07-16 12:30:00,3109.65,3110.85,3105.5,3108.6,12563
2024-07-16 12:45:00,3107.7,3111.1,3106.0,3107.55,14794
2024-07-16 13:00:00,3107.55,3110.0,3105.25,3109.0,12643
2024-07-16 13:15:00,3108.85,3110.0,3105.2,3107.65,17159
2024-07-16 13:30:00,3107.85,3109.45,3103.25,3104.35,10238
2024-07-16 13:45:00,3103.95,3109.25,3100.0,3102.85,36177
2024-07-16 14:00:00,3103.35,3110.0,3100.05,3107.3,41769
2024-07-16 14:15:00,3106.3,3110.0,3104.35,3108.1,34007
2024-07-16 14:30:00,3107.85,3117.5,3105.0,3113.25,44141
2024-07-16 14:45:00,3112.65,3118.0,3111.8,3113.55,42228
2024-07-16 15:00:00,3112.95,3120.0,3105.0,3107.05,53571
2024-07-16 15:15:00,3107.1,3109.55,3101.0,3106.7,69496
2024-07-18 09:15:00,3106.0,3111.0,3080.05,3084.7,83669
2024-07-18 09:30:00,3084.15,3088.0,3063.5,3083.8,85588
2024-07-18 09:45:00,3083.1,3093.0,3076.75,3079.3,42687
2024-07-18 10:00:00,3078.8,3089.85,3075.85,3087.05,33575
2024-07-18 10:15:00,3088.0,3090.5,3075.05,3077.1,29975
2024-07-18 10:30:00,3077.15,3080.0,3072.0,3076.95,20100
2024-07-18 10:45:00,3078.3,3079.8,3061.25,3070.05,48720
2024-07-18 11:00:00,3070.9,3075.0,3060.5,3062.0,23541
2024-07-18 11:15:00,3062.0,3068.8,3057.15,3068.0,20741
2024-07-18 11:30:00,3068.0,3070.0,3059.15,3064.7,18966
2024-07-18 11:45:00,3065.6,3067.55,3061.8,3067.35,9944
2024-07-18 12:00:00,3067.45,3075.0,3065.1,3073.8,16951
2024-07-18 12:15:00,3073.95,3075.0,3071.0,3072.1,33052
2024-07-18 12:30:00,3072.7,3075.0,3070.25,3075.0,29809
2024-07-18 12:45:00,3075.0,3077.75,3068.8,3070.7,36852
2024-07-18 13:00:00,3069.5,3083.15,3069.3,3082.65,40510
2024-07-18 13:15:00,3082.9,3087.95,3076.45,3087.0,43096
2024-07-18 13:30:00,3086.1,3090.45,3081.0,3082.95,39470
2024-07-18 13:45:00,3082.95,3088.15,3080.25,3085.8,16734
2024-07-18 14:00:00,3085.8,3099.0,3085.8,3097.2,43285
2024-07-18 14:15:00,3097.2,3102.0,3092.0,3096.85,40870
2024-07-18 14:30:00,3096.85,3098.9,3087.05,3096.55,33895
2024-07-18 14:45:00,3097.25,3101.4,3090.95,3092.75,34166
2024-07-18 15:00:00,3092.1,3096.7,3087.0,3091.55,92556
2024-07-18 15:15:00,3092.6,3098.05,3083.1,3090.0,102717
2024-07-19 09:15:00,3092.0,3092.0,3071.3,3087.8,58732
2024-07-19 09:30:00,3090.0,3094.5,3080.0,3084.5,38097
2024-07-19 09:45:00,3084.3,3084.65,3069.0,3073.0,40806
2024-07-19 10:00:00,3073.0,3073.0,3063.25,3064.5,31473
2024-07-19 10:15:00,3065.45,3075.0,3061.0,3065.05,24041
2024-07-19 10:30:00,3065.85,3067.0,3046.0,3056.65,46522
2024-07-19 10:45:00,3055.4,3059.65,3030.05,3033.25,70678
2024-07-19 11:00:00,3032.0,3045.9,3025.35,3037.35,44183
2024-07-19 11:15:00,3037.0,3040.4,3030.8,3037.95,20995
2024-07-19 11:30:00,3037.95,3044.5,3025.8,3026.4,23008
2024-07-19 11:45:00,3026.4,3031.95,3021.0,3024.2,54076
2024-07-19 12:00:00,3024.2,3042.0,3024.0,3037.4,21799
2024-07-19 12:15:00,3038.5,3039.5,3027.65,3028.85,16638
2024-07-19 12:30:00,3028.85,3033.9,3021.1,3031.95,30177
2024-07-19 12:45:00,3032.0,3037.2,3028.8,3030.45,9857
2024-07-19 13:00:00,3030.45,3033.7,3020.0,3024.3,23599
2024-07-19 13:15:00,3024.3,3034.6,3020.9,3034.05,15376
2024-07-19 13:30:00,3034.05,3041.85,3031.5,3032.05,14398
2024-07-19 13:45:00,3032.05,3039.95,3032.05,3037.95,11766
2024-07-19 14:00:00,3037.95,3039.9,3026.4,3030.25,18646
2024-07-19 14:15:00,3030.75,3033.85,3025.75,3027.85,24555
2024-07-19 14:30:00,3027.85,3028.5,3021.05,3025.0,27601
2024-07-19 14:45:00,3024.0,3025.9,3000.0,3010.45,104921
2024-07-19 15:00:00,3010.35,3013.0,3000.75,3006.65,115498
2024-07-19 15:15:00,3007.2,3011.55,3000.25,3007.95,139370
2024-07-22 09:15:00,3005.7,3007.85,2972.15,3005.7,120765
2024-07-22 09:30:00,3006.95,3016.95,2996.35,3003.15,54818
2024-07-22 09:45:00,3003.0,3008.6,2990.35,3003.25,35829
2024-07-22 10:00:00,3003.25,3015.9,2993.25,3013.55,33280
2024-07-22 10:15:00,3013.7,3015.9,3007.15,3013.5,18009
2024-07-22 10:30:00,3013.2,3023.55,3011.35,3019.7,26598
2024-07-22 10:45:00,3019.7,3026.9,3017.25,3021.35,19203
2024-07-22 11:00:00,3021.15,3022.1,3005.0,3007.9,20082
2024-07-22 11:15:00,3006.6,3015.15,3001.0,3010.95,16049
2024-07-22 11:30:00,3012.15,3019.95,3008.45,3017.9,8786
2024-07-22 11:45:00,3017.9,3019.15,3009.4,3011.6,15386
2024-07-22 12:00:00,3011.6,3013.85,3007.0,3009.85,14655
2024-07-22 12:15:00,3008.15,3009.6,3000.65,3004.2,11322
2024-07-22 12:30:00,3005.4,3006.0,2994.75,3000.9,18943
2024-07-22 12:45:00,2999.45,3006.35,2997.6,3001.5,14729
2024-07-22 13:00:00,3001.5,3003.0,2998.6,3000.35,9460
2024-07-22 13:15:00,3000.35,3004.0,2999.3,3001.6,9225
2024-07-22 13:30:00,3001.6,3006.35,2998.35,3005.5,15089
2024-07-22 13:45:00,3005.5,3009.75,2998.7,2999.95,18086
2024-07-22 14:00:00,3000.45,3003.15,2995.05,2997.55,11035
2024-07-22 14:15:00,2996.15,3002.5,2994.0,3001.65,16638
2024-07-22 14:30:00,3001.55,3002.0,2995.25,2996.1,11332
2024-07-22 14:45:00,2996.1,2999.7,2994.0,2995.0,16508
2024-07-22 15:00:00,2996.0,3004.45,2993.35,3000.0,48857
2024-07-22 15:15:00,3000.0,3005.0,2996.85,3000.0,77262
2024-07-23 09:15:00,3020.0,3024.8,3000.0,3013.3,92916
2024-07-23 09:30:00,3015.0,3022.6,3003.05,3005.65,48895
2024-07-23 09:45:00,3005.65,3010.0,3001.15,3005.35,27316
2024-07-23 10:00:00,3005.4,3007.75,2996.65,2997.2,36594
2024-07-23 10:15:00,2997.1,3006.3,2992.25,3005.1,31398
2024-07-23 10:30:00,3004.7,3023.95,3002.15,3018.75,51430
2024-07-23 10:45:00,3016.75,3023.6,3012.0,3021.3,25306
2024-07-23 11:00:00,3021.3,3038.0,3020.8,3035.8,82540
2024-07-23 11:15:00,3035.0,3037.0,3001.35,3013.4,101361
2024-07-23 11:30:00,3013.2,3020.0,3000.0,3014.5,33934
2024-07-23 11:45:00,3014.5,3024.1,3001.0,3006.9,21891
2024-07-23 12:00:00,3005.85,3012.95,2999.7,3009.8,27826
2024-07-23 12:15:00,3007.1,3009.0,2925.0,2926.15,183807
2024-07-23 12:30:00,2925.05,2988.6,2886.35,2981.65,183381
2024-07-23 12:45:00,2982.0,3006.0,2965.5,2992.0,90058
2024-07-23 13:00:00,2992.8,3005.85,2976.1,2979.45,43554
2024-07-23 13:15:00,2979.9,2994.7,2975.0,2988.8,32321
2024-07-23 13:30:00,2988.75,2992.0,2965.4,2975.9,29270
2024-07-23 13:45:00,2975.35,2991.0,2960.35,2990.9,32773
2024-07-23 14:00:00,2989.0,3008.85,2985.0,3000.0,44751
2024-07-23 14:15:00,2999.3,3007.7,2991.45,2999.1,35034
2024-07-23 14:30:00,2999.1,3010.0,2994.0,3006.3,32956
2024-07-23 14:45:00,3006.3,3019.0,3006.3,3008.0,43843
2024-07-23 15:00:00,3007.05,3011.55,2990.05,2990.95,48121
2024-07-23 15:15:00,2990.05,3000.0,2984.8,2999.4,61921
2024-07-24 09:15:00,2995.35,3007.5,2986.35,2998.6,62964
2024-07-24 09:30:00,2998.6,3003.0,2986.7,2989.8,39434
2024-07-24 09:45:00,2989.25,2993.75,2982.05,2986.8,28413
2024-07-24 10:00:00,2986.8,2987.0,2979.0,2984.8,25148
2024-07-24 10:15:00,2985.65,2991.95,2981.35,2982.6,23850
2024-07-24 10:30:00,2981.55,2989.95,2981.25,2987.0,13049
2024-07-24 10:45:00,2987.05,2999.0,2985.0,2994.15,27702
2024-07-24 11:00:00,2994.7,2998.45,2988.0,2990.0,27061
2024-07-24 11:15:00,2990.2,2993.35,2985.35,2986.65,11641
2024-07-24 11:30:00,2986.7,2990.7,2983.7,2985.05,8319
2024-07-24 11:45:00,2984.95,2991.0,2984.0,2985.8,8828
2024-07-24 12:00:00,2985.05,2989.7,2981.3,2986.0,7659
2024-07-24 12:15:00,2985.6,2986.0,2975.4,2980.2,26490
2024-07-24 12:30:00,2980.2,2983.0,2975.5,2978.4,15620
2024-07-24 12:45:00,2978.0,2983.05,2977.1,2981.35,14121
2024-07-24 13:00:00,2981.7,2986.0,2980.1,2984.3,7617
2024-07-24 13:15:00,2984.5,2984.5,2978.05,2980.1,13264
2024-07-24 13:30:00,2980.1,2980.35,2969.0,2974.95,31219
2024-07-24 13:45:00,2975.75,2976.85,2964.0,2968.5,59383
2024-07-24 14:00:00,2969.4,2969.5,2959.3,2965.2,40892
2024-07-24 14:15:00,2965.2,2977.0,2964.0,2976.85,20444
2024-07-24 14:30:00,2976.9,2989.9,2975.1,2983.55,38039
2024-07-24 14:45:00,2982.4,2985.0,2976.0,2977.1,19984
2024-07-24 15:00:00,2977.8,2979.95,2968.5,2971.7,46025
2024-07-24 15:15:00,2971.7,2973.2,2962.8,2969.3,76430
2024-07-25 09:15:00,2960.7,2964.0,2945.1,2952.9,86895
2024-07-25 09:30:00,2954.45,2968.5,2952.85,2964.1,64127
2024-07-25 09:45:00,2965.4,2968.0,2954.05,2954.05,20248
2024-07-25 10:00:00,2954.45,3004.85,2954.0,2999.55,105339
2024-07-25 10:15:00,2999.75,3017.65,2996.95,3001.35,148402
2024-07-25 10:30:00,3001.35,3013.7,3001.05,3004.75,39951
2024-07-25 10:45:00,3004.7,3005.0,2995.15,2998.15,34443
2024-07-25 11:00:00,2998.05,3000.8,2990.4,2997.0,33635
2024-07-25 11:15:00,2997.0,2998.0,2989.15,2995.0,21199
2024-07-25 11:30:00,2994.5,2998.6,2992.65,2997.45,15498
2024-07-25 11:45:00,2997.15,2999.0,2988.6,2989.3,32994
2024-07-25 12:00:00,2989.3,2990.3,2972.25,2980.35,48141
2024-07-25 12:15:00,2979.5,2985.5,2975.4,2982.0,24773
2024-07-25 12:30:00,2982.85,2983.8,2970.0,2972.05,25574
2024-07-25 12:45:00,2971.7,2977.4,2967.3,2972.45,26602
2024-07-25 13:00:00,2972.45,2980.55,2972.45,2975.5,18943
2024-07-25 13:15:00,2975.5,2978.0,2971.15,2975.3,12392
2024-07-25 13:30:00,2974.5,2977.8,2967.05,2968.0,24611
2024-07-25 13:45:00,2967.3,2971.95,2962.2,2968.5,34236
2024-07-25 14:00:00,2968.0,2978.0,2967.15,2976.2,20188
2024-07-25 14:15:00,2976.15,2977.15,2970.8,2972.0,19081
2024-07-25 14:30:00,2971.95,2974.7,2957.1,2959.6,46654
2024-07-25 14:45:00,2959.9,2965.3,2956.3,2962.35,38490
2024-07-25 15:00:00,2963.55,2974.0,2960.8,2973.95,64993
2024-07-25 15:15:00,2973.9,3000.0,2967.3,2995.0,97457
2024-07-26 09:15:00,2995.0,3005.95,2988.1,2999.95,79053
2024-07-26 09:30:00,2999.8,3004.95,2995.75,2997.05,33313
2024-07-26 09:45:00,2998.7,3020.6,2994.0,3019.5,88724
2024-07-26 10:00:00,3019.5,3020.95,3010.2,3014.05,47214
2024-07-26 10:15:00,3014.9,3015.8,3007.0,3012.4,23071
2024-07-26 10:30:00,3012.4,3026.75,3011.3,3025.0,54791
2024-07-26 10:45:00,3025.0,3029.0,3021.0,3025.75,55794
2024-07-26 11:00:00,3027.25,3044.0,3024.25,3043.55,56970
2024-07-26 11:15:00,3043.0,3050.0,3040.05,3041.5,67889
2024-07-26 11:30:00,3041.5,3041.9,3032.35,3035.3,29505
2024-07-26 11:45:00,3035.4,3048.65,3035.3,3046.15,35451
2024-07-26 12:00:00,3046.15,3054.6,3043.9,3045.0,40127
2024-07-26 12:15:00,3045.0,3063.0,3043.45,3062.3,50830
2024-07-26 12:30:00,3062.3,3086.25,3062.15,3078.25,150723
2024-07-26 12:45:00,3078.25,3105.0,3078.25,3098.95,198458
2024-07-26 13:00:00,3099.4,3109.0,3087.1,3090.25,201734
2024-07-26 13:15:00,3090.25,3103.75,3085.0,3094.75,86647
2024-07-26 13:30:00,3094.75,3097.95,3085.85,3091.0,88579
2024-07-26 13:45:00,3091.0,3094.8,3074.0,3077.0,71002
2024-07-26 14:00:00,3077.0,3096.85,3075.25,3095.0,75982
2024-07-26 14:15:00,3095.0,3096.5,3077.9,3084.1,63529
2024-07-26 14:30:00,3084.0,3087.35,3079.3,3084.0,48416
2024-07-26 14:45:00,3084.1,3090.0,3081.5,3088.15,53356
2024-07-26 15:00:00,3088.25,3091.0,3075.25,3083.25,115358
2024-07-26 15:15:00,3083.0,3087.25,3071.55,3072.3,122769
2024-07-29 09:15:00,3094.3,3109.0,3088.25,3104.35,128785
2024-07-29 09:30:00,3104.35,3120.35,3102.2,3105.8,111197
2024-07-29 09:45:00,3106.8,3112.95,3104.45,3109.3,31101
2024-07-29 10:00:00,3109.3,3110.3,3093.85,3094.15,42784
2024-07-29 10:15:00,3094.15,3108.75,3090.15,3103.9,53470
2024-07-29 10:30:00,3103.0,3106.0,3094.75,3098.45,29313
2024-07-29 10:45:00,3098.45,3103.0,3092.45,3100.5,30811
2024-07-29 11:00:00,3100.5,3108.75,3100.0,3104.4,34191
2024-07-29 11:15:00,3104.35,3109.7,3099.9,3108.05,50934
2024-07-29 11:30:00,3108.05,3111.0,3106.15,3110.35,26458
2024-07-29 11:45:00,3112.5,3114.0,3102.95,3105.7,36161
2024-07-29 12:00:00,3105.7,3110.0,3100.0,3100.2,26310
2024-07-29 12:15:00,3100.2,3101.65,3080.55,3098.6,50680
2024-07-29 12:30:00,3098.65,3101.55,3090.05,3098.15,48636
2024-07-29 12:45:00,3098.15,3100.7,3093.85,3095.8,20726
2024-07-29 13:00:00,3095.8,3100.0,3088.7,3089.9,20874
2024-07-29 13:15:00,3090.3,3098.4,3085.7,3096.6,25588
2024-07-29 13:30:00,3097.55,3099.0,3095.4,3097.0,9854
2024-07-29 13:45:00,3097.8,3100.0,3085.55,3085.55,17520
2024-07-29 14:00:00,3085.55,3091.7,3082.05,3082.3,12751
2024-07-29 14:15:00,3083.35,3088.0,3074.0,3087.0,46252
2024-07-29 14:30:00,3087.0,3097.5,3085.15,3087.45,30879
2024-07-29 14:45:00,3089.1,3091.95,3082.8,3090.35,13423
2024-07-29 15:00:00,3090.9,3094.0,3083.0,3089.45,55621
2024-07-29 15:15:00,3089.45,3094.2,3084.0,3088.4,82698
2024-07-30 09:15:00,3092.0,3097.85,3066.65,3085.65,136059
2024-07-30 09:30:00,3087.25,3092.35,3078.9,3090.55,49653
2024-07-30 09:45:00,3091.9,3095.55,3080.2,3084.1,36870
2024-07-30 10:00:00,3084.1,3085.0,3069.05,3078.1,37550
2024-07-30 10:15:00,3078.1,3080.75,3071.0,3078.45,29899
2024-07-30 10:30:00,3079.0,3084.45,3077.95,3082.5,18855
2024-07-30 10:45:00,3082.6,3091.2,3078.7,3085.9,40342
2024-07-30 11:00:00,3085.9,3089.35,3085.0,3086.95,10331
2024-07-30 11:15:00,3086.95,3088.45,3085.0,3086.0,11292
2024-07-30 11:30:00,3086.0,3094.0,3085.05,3093.25,15856
2024-07-30 11:45:00,3092.2,3113.65,3088.25,3108.65,84613
2024-07-30 12:00:00,3110.05,3120.75,3105.3,3118.5,102855
2024-07-30 12:15:00,3119.7,3136.9,3117.7,3127.1,149476
2024-07-30 12:30:00,3129.0,3136.4,3126.8,3129.25,57054
2024-07-30 12:45:00,3128.65,3147.2,3128.0,3142.4,114965
2024-07-30 13:00:00,3144.8,3144.8,3132.8,3141.8,57062
2024-07-30 13:15:00,3141.1,3145.0,3128.0,3132.9,63819
2024-07-30 13:30:00,3132.8,3142.75,3131.6,3142.15,43064
2024-07-30 13:45:00,3142.1,3145.0,3138.0,3138.8,51891
2024-07-30 14:00:00,3139.8,3142.65,3135.2,3136.0,28459
2024-07-30 14:15:00,3136.7,3155.0,3135.4,3146.4,170340
2024-07-30 14:30:00,3146.4,3153.25,3142.0,3142.0,82748
2024-07-30 14:45:00,3142.0,3146.05,3131.05,3132.95,56381
2024-07-30 15:00:00,3133.35,3133.95,3121.8,3125.0,87568
2024-07-30 15:15:00,3125.95,3137.0,3122.8,3133.0,109822
2024-07-31 09:15:00,3141.0,3165.55,3135.0,3159.45,218817
2024-07-31 09:30:00,3158.5,3162.0,3152.05,3160.95,127422
2024-07-31 09:45:00,3161.2,3163.7,3152.05,3163.7,76028
2024-07-31 10:00:00,3163.7,3174.0,3155.0,3156.4,110427
2024-07-31 10:15:00,3156.4,3164.15,3153.6,3158.4,53266
2024-07-31 10:30:00,3158.4,3170.0,3154.2,3166.25,47398
2024-07-31 10:45:00,3166.35,3175.9,3163.55,3170.45,142534
2024-07-31 11:00:00,3170.45,3180.0,3168.3,3178.9,212035
2024-07-31 11:15:00,3178.9,3180.0,3155.0,3155.05,80564
2024-07-31 11:30:00,3155.0,3158.0,3145.1,3156.95,71788
2024-07-31 11:45:00,3155.45,3171.95,3153.2,3165.95,135466
2024-07-31 12:00:00,3165.95,3192.5,3165.2,3189.45,214363
2024-07-31 12:15:00,3189.5,3197.5,3183.85,3190.0,276286
2024-07-31 12:30:00,3190.0,3195.0,3185.0,3185.7,46529
2024-07-31 12:45:00,3185.7,3190.0,3185.0,3187.25,34241
2024-07-31 13:00:00,3187.55,3188.5,3185.0,3187.65,29234
2024-07-31 13:15:00,3187.65,3190.0,3173.3,3180.4,60244
2024-07-31 13:30:00,3179.7,3184.55,3177.5,3180.55,28503
2024-07-31 13:45:00,3180.5,3180.5,3170.9,3176.65,41112
2024-07-31 14:00:00,3175.65,3176.65,3158.9,3164.5,79792
2024-07-31 14:15:00,3164.5,3170.6,3164.0,3169.0,27380
2024-07-31 14:30:00,3168.55,3172.0,3161.95,3164.55,32487
2024-07-31 14:45:00,3164.55,3173.55,3163.0,3171.0,39948
2024-07-31 15:00:00,3171.0,3174.3,3165.95,3166.35,78226
2024-07-31 15:15:00,3166.3,3175.0,3165.0,3168.0,149271
2024-08-01 09:15:00,3180.0,3185.45,3162.0,3166.95,221382
2024-08-01 09:30:00,3166.7,3199.0,3161.05,3193.75,227631
2024-08-01 09:45:00,3195.2,3197.0,3185.0,3194.9,110609
2024-08-01 10:00:00,3195.0,3206.55,3190.3,3200.05,142738
2024-08-01 10:15:00,3200.05,3208.0,3190.05,3194.35,86046
2024-08-01 10:30:00,3193.25,3194.6,3175.0,3179.15,78778
2024-08-01 10:45:00,3179.15,3187.7,3165.05,3184.9,80378
2024-08-01 11:00:00,3184.9,3194.2,3178.8,3190.95,39156
2024-08-01 11:15:00,3190.95,3196.0,3186.85,3188.0,34738
2024-08-01 11:30:00,3188.7,3194.0,3182.0,3182.05,54874
2024-08-01 11:45:00,3182.05,3183.3,3170.0,3173.4,55459
2024-08-01 12:00:00,3173.4,3177.1,3165.0,3165.8,65169
2024-08-01 12:15:00,3165.8,3174.95,3151.7,3171.0,84931
2024-08-01 12:30:00,3171.0,3183.95,3167.1,3180.2,65234
2024-08-01 12:45:00,3180.65,3189.8,3180.2,3183.0,66022
2024-08-01 13:00:00,3182.75,3204.0,3181.55,3191.2,253902
2024-08-01 13:15:00,3192.5,3222.0,3191.3,3216.75,398476
2024-08-01 13:30:00,3216.75,3240.0,3210.25,3233.75,672441
2024-08-01 13:45:00,3233.3,3244.85,3218.3,3225.25,594903
2024-08-01 14:00:00,3225.3,3237.0,3220.1,3221.4,196301
2024-08-01 14:15:00,3221.4,3229.0,3204.0,3212.75,148478
2024-08-01 14:30:00,3212.75,3219.55,3195.45,3218.65,183206
2024-08-01 14:45:00,3218.5,3258.0,3180.05,3189.4,1350935
2024-08-01 15:00:00,3188.2,3229.0,3186.5,3218.05,531014
2024-08-01 15:15:00,3219.0,3228.0,3211.2,3225.1,406576
2024-08-02 09:15:00,3200.0,3202.9,3165.3,3179.8,363183
2024-08-02 09:30:00,3179.45,3179.9,3137.45,3143.0,272921
2024-08-02 09:45:00,3143.7,3151.45,3125.1,3131.65,202929
2024-08-02 10:00:00,3134.7,3147.0,3111.0,3143.55,224535
2024-08-02 10:15:00,3144.85,3159.25,3141.45,3158.9,177334
2024-08-02 10:30:00,3158.9,3174.3,3156.15,3158.0,141932
2024-08-02 10:45:00,3158.0,3190.55,3153.5,3183.9,139947
2024-08-02 11:00:00,3184.95,3201.25,3177.0,3200.0,191866
2024-08-02 11:15:00,3198.65,3215.0,3198.2,3210.55,154375
2024-08-02 11:30:00,3210.05,3212.0,3192.0,3199.3,98127
2024-08-02 11:45:00,3199.3,3205.4,3193.95,3194.4,60957
2024-08-02 12:00:00,3194.6,3197.2,3185.45,3195.9,59046
2024-08-02 12:15:00,3195.85,3200.3,3180.05,3181.2,258565
2024-08-02 12:30:00,3181.2,3189.5,3177.45,3181.2,147959
2024-08-02 12:45:00,3181.2,3187.5,3173.0,3184.75,174829
2024-08-02 13:00:00,3186.0,3198.0,3184.8,3195.15,36806
2024-08-02 13:15:00,3195.15,3209.0,3192.7,3206.6,67895
2024-08-02 13:30:00,3206.2,3211.5,3197.0,3200.05,71751
2024-08-02 13:45:00,3199.1,3202.6,3186.0,3187.0,47071
2024-08-02 14:00:00,3188.0,3189.95,3180.35,3182.55,41383
2024-08-02 14:15:00,3182.85,3185.0,3173.45,3179.6,46465
2024-08-02 14:30:00,3180.0,3180.4,3161.0,3170.75,71699
2024-08-02 14:45:00,3171.15,3175.45,3166.0,3170.15,33748
2024-08-02 15:00:00,3170.1,3170.5,3155.0,3164.25,129261
2024-08-02 15:15:00,3163.95,3167.9,3154.1,3155.0,132700
